﻿<?xml version="1.0" encoding="utf-8" ?>
<Defs>
  <StatDef>
    <defName>DeepblueStat</defName>
    <label>Deeplbue production amount</label>
    <description>How much deepblue this pawn provides.</description>
    <category>BasicsPawn</category>
    <defaultBaseValue>1.0</defaultBaseValue>
    <hideAtValue>1.0</hideAtValue>
    <minValue>0</minValue>
    <toStringStyle>PercentZero</toStringStyle>
	<showOnMechanoids>false</showOnMechanoids>
	<showOnAnimals>false</showOnAnimals>
    <displayPriorityInCategory>10000</displayPriorityInCategory>
  </StatDef>
  <StatDef>
    <defName>DeepblueStatSpeed</defName>
    <label>Deeplbue production speed</label>
    <description>How fast this pawn provides deepblue.</description>
    <category>BasicsPawn</category>
    <defaultBaseValue>1.0</defaultBaseValue>
    <hideAtValue>1.0</hideAtValue>
    <minValue>0</minValue>
    <toStringStyle>PercentZero</toStringStyle>
	<showOnMechanoids>false</showOnMechanoids>
	<showOnAnimals>false</showOnAnimals>
    <displayPriorityInCategory>10000</displayPriorityInCategory>
  </StatDef>  
</Defs>
