<?xml version="1.0" encoding="utf-8" ?>
<Defs>
	<!-- HPF.HPFJobDef is inheritance of JobDef with some additional arguments -->
	<HPF.HPFJobDef Name="HPFJobBase" Abstract="True">
		<driverClass>HPF.JobDriver_GatherPawnResources</driverClass>
		<allowOpportunisticPrefix>true</allowOpportunisticPrefix>
		<isSelf>false</isSelf>
	</HPF.HPFJobDef>
	
	<HPF.HPFJobDef Name="HPFSelfJobBase" Abstract="True">
		<driverClass>HPF.JobDriver_GatherPawnSelfResources</driverClass>
		<allowOpportunisticPrefix>true</allowOpportunisticPrefix>
		<isSelf>true</isSelf>
	</HPF.HPFJobDef>	
	
    <HPF.HPFJobDef ParentName="HPFJobBase">
        <defName>ExtractDeepBlue_Job</defName>
		<reportString>extracting Deep blue from TargetA.</reportString>
		<totalWork>400</totalWork>
        <activeSkill>Medicine</activeSkill>
        <activeStat>MedicalTendSpeed</activeStat>
    </HPF.HPFJobDef>
</Defs>
