<?xml version="1.0" encoding="utf-8" ?>
<Defs>
	<AlienRace.ThingDef_AlienRace ParentName="BasePawn">
		<defName>Alien_Moyo</defName>
		<label>Moyo</label>
		<description>A humanoid race living in cities under the sea. Having traits similar to sea creatures, their blood contains substances that can be used for various medical uses.\n\nDescendants of glitterworld explorers who settled in the deep sea, generations of body modifications has led to their current form. Spreading far and wide into the rim, they built many cities and prospered. Until now.</description>
		<descriptionHyperlinks>
			<ThingDef>Moyo_BloodBag</ThingDef>
		</descriptionHyperlinks>
		<alienRace>
			<generalSettings>
				<maleGenderProbability>0.3</maleGenderProbability>
				<immuneToAge>true</immuneToAge>
				<humanRecipeImport>true</humanRecipeImport>
				<canLayDown>true</canLayDown>
				<maxDamageForSocialfight>8</maxDamageForSocialfight>
				<immuneToXenophobia>false</immuneToXenophobia>
				<disallowedTraits>
					<li>
						<defName>Pyromaniac</defName>
					</li>
					<li>
						<defName>CreepyBreathing</defName>
					</li>					
				</disallowedTraits>
				<chemicalSettings>
					<li>
						<chemical>DeepBlue</chemical>
						<reactions>
							<li Class="IngestionOutcomeDoer_GiveHediff">
								<hediffDef>Moyo_DeepBlueReaction</hediffDef>
								<severity>0.23</severity>
							</li>
						</reactions>
					</li>
					<li>
						<chemical>BlueBurstC</chemical>
						<reactions>
							<li Class="IngestionOutcomeDoer_GiveHediff">
								<hediffDef>BlueBurstHighPrecursor</hediffDef>
								<severity>0.01</severity>
							</li>
						</reactions>
						<ingestible>false</ingestible>
					</li>
				</chemicalSettings>

				<!--=파트제네레이터==========================================================================================-->
				<alienPartGenerator>
					<aliencrowntypes>
						<li>MoyoHeadBase</li>
					</aliencrowntypes>
					<alienbodytypes>
						<li>Female</li>
						<li>Thin</li>
					</alienbodytypes>
					<headOffset>(-0.07, -0.06)</headOffset>
					<useGenderedHeads>false</useGenderedHeads>
					<useGenderedBodies>false</useGenderedBodies>
					<!-- 신체 드로잉 크기 -->
					<customDrawSize>(1.0, 1.0)</customDrawSize>
					<customHeadDrawSize>(1.0, 1.0)</customHeadDrawSize>
					<customPortraitDrawSize>(1.0, 1.0)</customPortraitDrawSize>
					<bodyAddons>
						<!-- 얼굴 -->
						<li Class="MoharCustomHAR.MoharBodyAddon">
							<path>Moyo/Heads/MoyoHead</path>
							<bodyPart>Head</bodyPart>				
							<inFrontOfBody>true</inFrontOfBody>
							<colorChannel>skin</colorChannel>
							<drawSize>1</drawSize>
							<layerOffset>-0.273</layerOffset>
							<offsets>
								<north>
									<bodyTypes>
										<Female>(0, 0)</Female>
										<Thin>(0, 0)</Thin>
									</bodyTypes>
								</north>							
								<south>
									<bodyTypes>
										<Female>(-0.424, 0.5)</Female>
										<Thin>(-0.424, 0.5)</Thin>
									</bodyTypes>
								</south>
								<east>
									<bodyTypes>
										<Female>(-0.449, 0.5)</Female>
										<Thin>(-0.449, 0.5)</Thin>
									</bodyTypes>
								</east>
							</offsets>
							<!-- <drawnInBed>false</drawnInBed>-->
							<jobParams>
								<hideIfJob>
									<li>
										<job>LayDown</job>
										<postureOrMoving>
											<postures>
												<li>LayingInBed</li>
												<li>LayingOnGroundFaceUp</li>
												<li>LayingOnGroundNormal</li>
											</postures>
											<moving>false</moving>
										</postureOrMoving>
									</li>
									<li>
										<job>Wait_Downed</job>
										<postureOrMoving>
											<postures>
												<li>LayingInBed</li>
												<li>LayingOnGroundFaceUp</li>
												<li>LayingOnGroundNormal</li>
											</postures>
											<moving>false</moving>
										</postureOrMoving>
									</li>									
								</hideIfJob>
							</jobParams>
							<drawIfDead>false</drawIfDead>
						</li>						
						<!-- 얼굴 발광 -->
						<li>
							<path>Moyo/Heads/MoyoHeadGlow</path>
							<shaderType>TransparentPostLight</shaderType>
							<bodyPart>Head</bodyPart>				
							<inFrontOfBody>true</inFrontOfBody>
							<colorChannel>skin</colorChannel>
							<drawSize>1</drawSize>
							<layerOffset>-0.273</layerOffset>
							<offsets>
								<north>
									<bodyTypes>
										<Female>(0, 0)</Female>
										<Thin>(0, 0)</Thin>
									</bodyTypes>
								</north>							
								<south>
									<bodyTypes>
										<Female>(-0.424, 0.5)</Female>
										<Thin>(-0.424, 0.5)</Thin>
									</bodyTypes>
								</south>
								<east>
									<bodyTypes>
										<Female>(-0.449, 0.5)</Female>
										<Thin>(-0.449, 0.5)</Thin>
									</bodyTypes>
								</east>
							</offsets>						
						</li>						
						<!-- 몸 발광 여-->
						<li>
							<path>Moyo/Body/GlowFemale1</path>
							<shaderType>TransparentPostLight</shaderType>
							<bodyPart>Torso</bodyPart>				
							<inFrontOfBody>true</inFrontOfBody>
							<colorChannel>skin</colorChannel>
							<drawSize>1</drawSize>
							<layerOffset>-0.289</layerOffset>							
							<offsets>
								<north>
									<bodyTypes>
										<Female>(-0.0010, 0.5510)</Female>
										<Thin>(-0.0010, 0.5510)</Thin>
									</bodyTypes>
								</north>
								<east>
									<bodyTypes>
										<Female>(-0.4200, 0.2200)</Female>
										<Thin>(-0.4200, 0.2200)</Thin>
									</bodyTypes>
								</east>
								<south>
									<bodyTypes>
										<Female>(-0.4200, 0.2200)</Female>
										<Thin>(-0.4200, 0.2200)</Thin>
									</bodyTypes>
								</south>
							</offsets>
							<drawnInBed>false</drawnInBed>
							<drawForMale>false</drawForMale>							
						</li>
						<li>
							<path>Moyo/Body/GlowFemale2</path>
							<shaderType>TransparentPostLight</shaderType>
							<bodyPart>Torso</bodyPart>				
							<inFrontOfBody>false</inFrontOfBody>
							<colorChannel>skin</colorChannel>
							<drawSize>1</drawSize>
							<layerOffset>-0.289</layerOffset>							
							<offsets>
								<north>
									<bodyTypes>
										<Female>(-0.0010, 0.5510)</Female>
										<Thin>(-0.0010, 0.5510)</Thin>
									</bodyTypes>
								</north>
								<east>
									<bodyTypes>
										<Female>(-0.4200, 0.2200)</Female>
										<Thin>(-0.4200, 0.2200)</Thin>
									</bodyTypes>
								</east>
								<south>
									<bodyTypes>
										<Female>(-0.4200, 0.2200)</Female>
										<Thin>(-0.4200, 0.2200)</Thin>
									</bodyTypes>
								</south>
							</offsets>
							<drawnInBed>false</drawnInBed>
							<drawForMale>false</drawForMale>							
						</li>
						<!-- 몸 발광 남-->						
						<li>
							<path>Moyo/Body/GlowMale1</path>
							<shaderType>TransparentPostLight</shaderType>
							<bodyPart>Torso</bodyPart>				
							<inFrontOfBody>false</inFrontOfBody>
							<colorChannel>skin</colorChannel>
							<drawSize>1</drawSize>
							<layerOffset>-0.311</layerOffset>							
							<offsets>
								<north>
									<bodyTypes>
										<Female>(-0.0010, 0.5510)</Female>
										<Thin>(-0.0010, 0.5510)</Thin>
									</bodyTypes>
								</north>
								<east>
									<bodyTypes>
										<Female>(-0.4200, 0.2200)</Female>
										<Thin>(-0.4200, 0.2200)</Thin>
									</bodyTypes>
								</east>
								<south>
									<bodyTypes>
										<Female>(-0.4200, 0.2200)</Female>
										<Thin>(-0.4200, 0.2200)</Thin>
									</bodyTypes>
								</south>
							</offsets>
							<drawnInBed>false</drawnInBed>
							<drawForFemale>false</drawForFemale>
						</li>			
						<li>
							<path>Moyo/Body/GlowMale2</path>
							<shaderType>TransparentPostLight</shaderType>
							<bodyPart>Torso</bodyPart>				
							<inFrontOfBody>true</inFrontOfBody>
							<colorChannel>skin</colorChannel>
							<drawSize>1</drawSize>
							<layerOffset>-0.312</layerOffset>							
							<offsets>
								<north>
									<bodyTypes>
										<Female>(-0.0010, 0.5510)</Female>
										<Thin>(-0.0010, 0.5510)</Thin>
									</bodyTypes>
								</north>
								<east>
									<bodyTypes>
										<Female>(-0.4200, 0.2200)</Female>
										<Thin>(-0.4200, 0.2200)</Thin>
									</bodyTypes>
								</east>
								<south>
									<bodyTypes>
										<Female>(-0.4200, 0.2200)</Female>
										<Thin>(-0.4200, 0.2200)</Thin>
									</bodyTypes>
								</south>
							</offsets>
							<drawnInBed>false</drawnInBed>
							<drawForFemale>false</drawForFemale>
						</li>						
						<!-- 꼬리 -->
						<li>
							<drawSize>1</drawSize>
							<path>Moyo/Tail/MoyoTail</path>
							<bodyPart>tail</bodyPart>
							<shaderType>Cutout</shaderType>
							<inFrontOfBody>false</inFrontOfBody>
							<colorChannel>skin</colorChannel>
							<drawnInBed>false</drawnInBed>
							<layerOffset>-0.27</layerOffset>
							<offsets>
								<south>
									<bodyTypes>
										<Female>(0,0)</Female>
										<Thin>(0,0)</Thin>
									</bodyTypes>
								</south>
								<north>
									<bodyTypes>
										<Female>(0,0.551)</Female>
										<Thin>(0,0.551)</Thin>
									</bodyTypes>
								</north>
								<east>
									<bodyTypes>
										<Female>(-0.34,0.193)</Female>
										<Thin>(-0.34,0.193)</Thin>
									</bodyTypes>
								</east>
							</offsets>
						</li>
						<!--꼬리발광-->
						<li>
							<path>Moyo/Tail/MoyoTailGlow1</path>
							<shaderType>TransparentPostLight</shaderType>
							<bodyPart>tail</bodyPart>				
							<inFrontOfBody>false</inFrontOfBody>
							<colorChannel>skin</colorChannel>
							<drawSize>1</drawSize>
							<layerOffset>-0.269</layerOffset>
							<offsets>
								<north>
									<bodyTypes>
										<Female>(0.0, 0.551)</Female>
										<Thin>(0.0, 0.551)</Thin>
									</bodyTypes>
								</north>							
								<south>
									<bodyTypes>
										<Female>(-0.373, 0.231)</Female>
										<Thin>(-0.373, 0.231)</Thin>
									</bodyTypes>
								</south>
								<east>
									<bodyTypes>
										<Female>(-0.34, 0.193)</Female>
										<Thin>(-0.34, 0.193)</Thin>
									</bodyTypes>
								</east>
							</offsets>
							<drawnInBed>false</drawnInBed>
						</li>						
						<li>
							<path>Moyo/Tail/MoyoTailGlow2</path>
							<shaderType>TransparentPostLight</shaderType>
							<bodyPart>tail</bodyPart>				
							<inFrontOfBody>false</inFrontOfBody>
							<colorChannel>skin</colorChannel>
							<drawSize>1</drawSize>
							<layerOffset>-0.269</layerOffset>
							<offsets>
								<north>
									<bodyTypes>
										<Female>(0.0, 0.551)</Female>
										<Thin>(0.0, 0.551)</Thin>
									</bodyTypes>
								</north>							
								<south>
									<bodyTypes>
										<Female>(-0.373, 0.231)</Female>
										<Thin>(-0.373, 0.231)</Thin>
									</bodyTypes>
								</south>
								<east>
									<bodyTypes>
										<Female>(-0.34, 0.193)</Female>
										<Thin>(-0.34, 0.193)</Thin>
									</bodyTypes>
								</east>
							</offsets>
							<drawnInBed>false</drawnInBed>
						</li>	
						<!--더듬이-->
						<li>
							<path>Moyo/Heads/MoyoAtenna_Left</path>
							<bodyPart>left antennae</bodyPart>				
							<inFrontOfBody>true</inFrontOfBody>
							<colorChannel>skin</colorChannel>
							<drawSize>1</drawSize>
							<offsets>
								<north>
									<bodyTypes>
										<Female>(0.0, 0.0)</Female>
										<Thin>(0.0, 0.0)</Thin>
									</bodyTypes>
								</north>								
								<south>
									<bodyTypes>
										<Female>(-0.424, 0.5)</Female>
										<Thin>(-0.424, 0.5)</Thin>
									</bodyTypes>
								</south>
								<east>
									<bodyTypes>
										<Female>(-0.45, 0.5)</Female>
										<Thin>(-0.45, 0.4850)</Thin>
									</bodyTypes>
								</east>
								<west>
									<bodyTypes>
										<Female>(-0.45, 0.5)</Female>
										<Thin>(-0.45, 0.5)</Thin>
									</bodyTypes>
								</west>								
							</offsets>
							<hiddenUnderApparelFor>
								<li>FullHead</li>
							</hiddenUnderApparelFor>
							<hiddenUnderApparelTag>
								<li>MoyoTuque</li>
							</hiddenUnderApparelTag>
						</li>
						<li>
							<path>Moyo/Heads/MoyoAtenna_Right</path>
							<bodyPart>right antennae</bodyPart>				
							<inFrontOfBody>true</inFrontOfBody>
							<colorChannel>skin</colorChannel> 
							<drawSize>1</drawSize>
							<offsets>
								<north>
									<bodyTypes>
										<Female>(0.0, 0.0)</Female>
										<Thin>(0.0, 0.0)</Thin>
									</bodyTypes>
								</north>							
								<south>
									<bodyTypes>
										<Female>(-0.424, 0.5)</Female>
										<Thin>(-0.424, 0.5)</Thin>
									</bodyTypes>
								</south>
								<east>
									<bodyTypes>
										<Female>(-0.45, 0.5)</Female>
										<Thin>(-0.45, 0.5)</Thin>
									</bodyTypes>
								</east>
								<west>
									<bodyTypes>
										<Female>(-0.45, 0.5)</Female>
										<Thin>(-0.45, 0.5)</Thin>
									</bodyTypes>
								</west>								
							</offsets>
							<hiddenUnderApparelFor>
								<li>FullHead</li>
							</hiddenUnderApparelFor>
							<hiddenUnderApparelTag>
								<li>MoyoTuque</li>
							</hiddenUnderApparelTag>							
						</li>						
						<!--더듬이 발광-->
						<li>
							<path>Moyo/Heads/MoyoAtennaGlow_Left</path>
							<shaderType>TransparentPostLight</shaderType>
							<bodyPart>left antennae</bodyPart>				
							<inFrontOfBody>false</inFrontOfBody>
							<colorChannel>skin</colorChannel>  
							<drawSize>1</drawSize>
							<layerOffset>-0.6</layerOffset>
							<offsets>
								<north>
									<bodyTypes>
										<Female>(0.0, 0.0)</Female>
										<Thin>(0.0, 0.0)</Thin>
									</bodyTypes>
								</north>							
								<south>
									<bodyTypes>
										<Female>(-0.424, 0.5)</Female>
										<Thin>(-0.424, 0.5)</Thin>
									</bodyTypes>
								</south>
								<east>
									<bodyTypes>
										<Female>(-0.45, 0.5)</Female>
										<Thin>(-0.45, 0.5)</Thin>
									</bodyTypes>
								</east>	
								<west>
									<bodyTypes>
										<Female>(-0.45, 0.5)</Female>
										<Thin>(-0.45, 0.5)</Thin>
									</bodyTypes>
								</west>								
							</offsets>
							<hiddenUnderApparelFor>
								<li>FullHead</li>
							</hiddenUnderApparelFor>
							<hiddenUnderApparelTag>
								<li>MoyoTuque</li>
							</hiddenUnderApparelTag>							
						</li>						
						<li>
							<path>Moyo/Heads/MoyoAtennaGlow_Right</path>
							<shaderType>TransparentPostLight</shaderType>
							<bodyPart>right antennae</bodyPart>				
							<inFrontOfBody>false</inFrontOfBody>
							<colorChannel>skin</colorChannel>
							<drawSize>1</drawSize>
							<layerOffset>-0.6</layerOffset>
							<offsets>
								<north>
									<bodyTypes>
										<Female>(0.0, 0.0)</Female>
										<Thin>(0.0, 0.0)</Thin>
									</bodyTypes>
								</north>								
								<south>
									<bodyTypes>
										<Female>(-0.424, 0.5)</Female>
										<Thin>(-0.424, 0.5)</Thin>
									</bodyTypes>
								</south>
								<east>
									<bodyTypes>
										<Female>(-0.45, 0.5)</Female>
										<Thin>(-0.45, 0.5)</Thin>
									</bodyTypes>
								</east>
								<west>
									<bodyTypes>
										<Female>(-0.45, 0.5)</Female>
										<Thin>(-0.45, 0.5)</Thin>
									</bodyTypes>
								</west>								
							</offsets>
							<hiddenUnderApparelFor>
								<li>FullHead</li>
							</hiddenUnderApparelFor>		
							<hiddenUnderApparelTag>
								<li>MoyoTuque</li>
							</hiddenUnderApparelTag>							
						</li>						
					</bodyAddons>
					<!-- 컬러채널 -->
					<colorChannels>
						<li>
							<name>skin</name>
							<first Class="ColorGenerator_Options">
								<options>
									<li>
										<weight>10</weight>
										<only>(255,255,255)</only>
									</li>
								</options>
							</first>
						</li>
						<li>
							<name>hair</name>
							<first Class="ColorGenerator_Options">
								<options>
									<li>
										<weight>100</weight>
										<only>(56,55,78)</only>
									</li>
								</options>
							</first>
						</li>
					</colorChannels>					
				</alienPartGenerator>
			</generalSettings>
			<graphicPaths>
				<li>
					<head>Moyo/Heads/</head>
					<body>Moyo/Body/</body>
					<skeleton>Things/Pawn/Humanlike/Bodies/Dessicated/Dessicated_Thin</skeleton>
				</li>
			</graphicPaths>
			<hairSettings>
				<hasHair>true</hasHair>
				<hairTags>
					<li>Moyohair</li>
				</hairTags>
			</hairSettings>
			<relationSettings>
			</relationSettings>
			<thoughtSettings>
				<cannotReceiveThoughts>
					<li>SoakingWet</li>				
				</cannotReceiveThoughts>
			</thoughtSettings>
			<raceRestriction>
				<onlyUseRaceRestrictedApparel>false</onlyUseRaceRestrictedApparel>
				<apparelList>
					<li>Moyo_Tribal</li>
					<li>Moyo_Parka</li>
					<li>Moyo_Jacket</li>
					<li>Moyo_Duster</li>
					<li>Moyo_SnB</li>
					<li>Moyo_RoyalRobeA</li>
					<li>Moyo_RoyalRobeB</li>
					<li>Moyo_RoyalRobeC</li>
					<li>Moyo_RoyalBlackDress</li>
					<li>Moyo_Tuque</li>
					<li>Moyo_BowlerHat</li>
					<li>Moyo_CowboyHat</li>
					<li>Moyo_RoyalHologramA</li>
					<li>Moyo_RoyalHologramB</li>
					<li>Moyo_RoyalHologramC</li>
					<li>Moyo_EGsuit</li>
					<li>Moyo_EGmask</li>
					<li>Moyo_LDgear</li>
					<li>Moyo_LDhelmet</li>
					<li>Moyo_DDgear</li>
					<li>Moyo_DDhelmet</li>
					<li>Moyo_GSsuit</li>
					<li>Moyo_GShelmet</li>
					<li>Moyo_GDsuit</li>
					<li>Moyo_GDhelmet</li>
					<li>Moyo_Evasuit</li>
					<li>Moyo_Bodysuit</li>
					<li>Moyo_Royalsuit</li>
				</apparelList>
			</raceRestriction>
		</alienRace>
		<!--=============================================================================================================================-->
		<statBases>
			<!--기본-->
			<MarketValue>3200</MarketValue>
			<Flammability>0.5</Flammability>
			<MoveSpeed>4</MoveSpeed>
			<ComfyTemperatureMax>18</ComfyTemperatureMax>
			<ComfyTemperatureMin>2</ComfyTemperatureMin>
			<ImmunityGainSpeed>1.1</ImmunityGainSpeed>
			<CarryingCapacity>75</CarryingCapacity>
			<MeatAmount>80</MeatAmount>
			<LeatherAmount>50</LeatherAmount>
			<Mass>75</Mass>
			<PsychicSensitivity>1.2</PsychicSensitivity>
			<MeleeDodgeChance>0.8</MeleeDodgeChance>	
			<SocialImpact>1</SocialImpact>
			<GeneralLaborSpeed>0.85</GeneralLaborSpeed>
			<DrugSynthesisSpeed>1.3</DrugSynthesisSpeed>
			<MedicalTendSpeed>1.2</MedicalTendSpeed>
			<MedicalTendQuality>1.15</MedicalTendQuality>
			<MedicalSurgerySuccessChance>1.15</MedicalSurgerySuccessChance>
			<RoyalFavorValue>4</RoyalFavorValue>
		</statBases>
		<!--==맨손전투===================================================================================================================-->
		<tools>
			<li>
				<label>left fist</label>
				<capacities>
					<li>Blunt</li>
				</capacities>
				<power>8.2</power>
				<cooldownTime>2</cooldownTime>
				<linkedBodyPartsGroup>LeftHand</linkedBodyPartsGroup>
				<surpriseAttack>
					<extraMeleeDamages>
						<li>
							<def>Stun</def>
							<amount>14</amount>
						</li>
					</extraMeleeDamages>
				</surpriseAttack>
			</li>
			<li>
				<label>right fist</label>
				<capacities>
					<li>Blunt</li>
				</capacities>
				<power>8.2</power>
				<cooldownTime>2</cooldownTime>
				<linkedBodyPartsGroup>RightHand</linkedBodyPartsGroup>
				<surpriseAttack>
					<extraMeleeDamages>
						<li>
							<def>Stun</def>
							<amount>14</amount>
						</li>
					</extraMeleeDamages>
				</surpriseAttack>
			</li>
			<li>
				<label>teeth</label>
				<capacities>
					<li>Bite</li>
				</capacities>
				<power>8.2</power>
				<cooldownTime>2</cooldownTime>
				<linkedBodyPartsGroup>Teeth</linkedBodyPartsGroup>
				<chanceFactor>0.07</chanceFactor>
				<soundMeleeHit>Pawn_Melee_HumanBite_Hit</soundMeleeHit>
				<soundMeleeMiss>Pawn_Melee_HumanBite_Miss</soundMeleeMiss>
			</li>
			<li>
				<label>head</label>
				<capacities>
					<li>Blunt</li>
				</capacities>
				<power>5</power>
				<cooldownTime>2</cooldownTime>
				<linkedBodyPartsGroup>HeadAttackTool</linkedBodyPartsGroup>
				<ensureLinkedBodyPartsGroupAlwaysUsable>true</ensureLinkedBodyPartsGroupAlwaysUsable>
				<chanceFactor>0.2</chanceFactor>
			</li>
		</tools>
		<!--=============================================================================================================================-->
		<race>
			<thinkTreeMain>Humanlike</thinkTreeMain>
			<thinkTreeConstant>HumanlikeConstant</thinkTreeConstant>
			<intelligence>Humanlike</intelligence>
			<makesFootprints>true</makesFootprints>
			<lifeExpectancy>150</lifeExpectancy>
			<!-- Gore -->
			<leatherDef>Leather_Human</leatherDef>
			<bloodDef>Moyo_Blood</bloodDef>
			<fleshType>Moyo_Flesh</fleshType>
			<meatMarketValue>0.8</meatMarketValue>
			<meatColor>(53, 89, 180)</meatColor>
			<!-- Gore -->
			<nameCategory>HumanStandard</nameCategory>
			<hasGenders>true</hasGenders>
			<body>Moyo</body>
			<baseHungerRate>0.8</baseHungerRate>
			<baseBodySize>1</baseBodySize>
			<baseHealthScale>1.2</baseHealthScale>
			<foodType>OmnivoreHuman</foodType>
			<gestationPeriodDays>30</gestationPeriodDays>
			<litterSizeCurve>
				<points>
					<li>(0, 0)</li>
					<li>(1, 5)</li>
					<li>(2, 10)</li>
					<li>(3, 0)</li>
				</points>
			</litterSizeCurve>
			<lifeStageAges>
				<li>
					<def>HumanlikeBaby</def>
					<minAge>0</minAge>
				</li>
				<li>
					<def>HumanlikeToddler</def>
					<minAge>1.2</minAge>
				</li>
				<li>
					<def>HumanlikeChild</def>
					<minAge>4</minAge>
				</li>
				<li>
					<def>HumanlikeTeenager</def>
					<minAge>13</minAge>
				</li>
				<li>
					<def>HumanlikeAdult</def>
					<minAge>18</minAge>
				</li>
			</lifeStageAges>
			<soundMeleeHitPawn>Pawn_Melee_Punch_HitPawn</soundMeleeHitPawn>
			<soundMeleeHitBuilding>Pawn_Melee_Punch_HitBuilding</soundMeleeHitBuilding>
			<soundMeleeMiss>Pawn_Melee_Punch_Miss</soundMeleeMiss>
			<specialShadowData>
				<volume>(0.3, 0.8, 0.4)</volume>
				<offset>(0,0,-0.3)</offset>
			</specialShadowData>
			<ageGenerationCurve>
				<points>
					<li>(14,0)</li>
					<li>(16,60)</li>
					<li>(22,100)</li>
					<li>(30,30)</li>
					<li>(60,5)</li>
					<li>(80,1)</li>
					<li>(100,0)</li>
				</points>
			</ageGenerationCurve>
			<hediffGiverSets>
				<li>MoyoInate</li>
				<li>Human</li>
			</hediffGiverSets>
		</race>
		<!--=============================================================================================================================-->
		<comps>
			<li Class="HPF.CompProperties_ResourceHarvestable">
				<harvestJobDef>ExtractDeepBlue_Job</harvestJobDef>
				<saveUniqueKey>HPFDeepBlueFullness</saveUniqueKey>
				<thingDef>Moyo_BloodBag</thingDef>
				<intervalDays>6.666666667</intervalDays>
				<amount>1</amount>
				<inspectText>Moyo BloodBag</inspectText>
				<constraints>
					<li Class="HPF.ConstraintPawnAgeOver">
						<age>7</age>
					</li>
				</constraints>
			</li>
		</comps>
		<!--=============================================================================================================================-->
		<recipes>
			<li>ExciseCarcinoma</li>
			<li>AdministerMechSerumHealer</li>
			<li>RemoveBodyPart</li>
			<li>Euthanize</li>
			<li>Anesthetize</li>
			<li>CureScaria</li>
			<li MayRequire="Ludeon.RimWorld.Royalty">CureBloodRot</li>
			<li MayRequire="Ludeon.RimWorld.Royalty">CureAbasia</li>
		</recipes>
		<!-- <butcherProducts> -->
		<!-- <Moyo_BloodBag>3</Moyo_BloodBag> -->
		<!-- </butcherProducts> -->
	</AlienRace.ThingDef_AlienRace>
</Defs>