<?xml version="1.0" encoding="utf-8" ?>
<Defs>
	<HairDef>
		<defName>Moyohair_Long</defName>
		<label>Moyo_Long</label>
		<hairGender>Any</hairGender>
		<texPath>Moyo/Hair/MYLong</texPath>
		<hairTags>
			<li>Moyohair</li>
		</hairTags>
	</HairDef>
	<HairDef>
		<defName>Moyohair_Bob</defName>
		<label>Moyo_Bob</label>
		<hairGender>Any</hairGender>
		<texPath>Moyo/Hair/MYBob</texPath>
		<hairTags>
			<li>Moyohair</li>
		</hairTags>
	</HairDef>
	<HairDef>
		<defName>Moyohair_Longfluff</defName>
		<label>Moyo_Longfluff</label>
		<hairGender>Any</hairGender>
		<texPath>Moyo/Hair/MYLongfluff</texPath>
		<hairTags>
			<li>Moyohair</li>
		</hairTags>
	</HairDef>
	<HairDef>
		<defName>Moyohair_Pony1</defName>
		<label>Moyo_Pony1</label>
		<hairGender>Any</hairGender>
		<texPath>Moyo/Hair/MYPony1</texPath>
		<hairTags>
			<li>Moyohair</li>
		</hairTags>
	</HairDef>
	<HairDef>
		<defName>Moyohair_Pony2</defName>
		<label>Moyo_Pony2</label>
		<hairGender>Any</hairGender>
		<texPath>Moyo/Hair/MYPony2</texPath>
		<hairTags>
			<li>Moyohair</li>
		</hairTags>
	</HairDef>
	<HairDef>
		<defName>Moyohair_Shaggy</defName>
		<label>Moyo_Shaggy</label>
		<hairGender>Any</hairGender>
		<texPath>Moyo/Hair/MYShaggy</texPath>
		<hairTags>
			<li>Moyohair</li>
		</hairTags>
	</HairDef>
	<HairDef>
		<defName>Moyohair_Twin</defName>
		<label>Moyo_Twin</label>
		<hairGender>Any</hairGender>
		<texPath>Moyo/Hair/MYTwin</texPath>
		<hairTags>
			<li>Moyohair</li>
		</hairTags>
	</HairDef>
	<HairDef>
		<defName>Moyohair_Longbun</defName>
		<label>Moyo_Longbun</label>
		<hairGender>Any</hairGender>
		<texPath>Moyo/Hair/MYLongbun</texPath>
		<hairTags>
			<li>Moyohair</li>
		</hairTags>
	</HairDef>
	<HairDef>
		<defName>Moyohair_Longshaggy</defName>
		<label>Moyo_Longshaggy</label>
		<hairGender>Any</hairGender>
		<texPath>Moyo/Hair/MYLongshaggy</texPath>
		<hairTags>
			<li>Moyohair</li>
		</hairTags>
	</HairDef>
	<HairDef>
		<defName>Moyohair_Longzaggy</defName>
		<label>Moyo_Longzaggy</label>
		<hairGender>Any</hairGender>
		<texPath>Moyo/Hair/MYLongzaggy</texPath>
		<hairTags>
			<li>Moyohair</li>
		</hairTags>
	</HairDef>
	<HairDef>
		<defName>Moyohair_Clean</defName>
		<label>Moyo_Clean</label>
		<hairGender>Any</hairGender>
		<texPath>Moyo/Hair/MYClean</texPath>
		<hairTags>
			<li>Moyohair</li>
		</hairTags>
	</HairDef>
	<HairDef>
		<defName>Moyohair_Puffy</defName>
		<label>Moyo_Puffy</label>
		<hairGender>Any</hairGender>
		<texPath>Moyo/Hair/MYPuffy</texPath>
		<hairTags>
			<li>Moyohair</li>
		</hairTags>
	</HairDef>
	<HairDef>
		<defName>Moyohair_Zaggy</defName>
		<label>Moyo_Zaggy</label>
		<hairGender>Any</hairGender>
		<texPath>Moyo/Hair/MYZaggy</texPath>
		<hairTags>
			<li>Moyohair</li>
		</hairTags>
	</HairDef>
		<HairDef>
		<defName>Moyohair_Bun</defName>
		<label>Moyo_Bun</label>
		<hairGender>Any</hairGender>
		<texPath>Moyo/Hair/MYBun</texPath>
		<hairTags>
			<li>Moyohair</li>
		</hairTags>
	</HairDef>
</Defs>