<?xml version="1.0" encoding="utf-8"?>
<Patch>
	<Operation Class="PatchOperationFindMod">
		<mods>
			<li>Combat Extended</li>
		</mods>
		<match Class="PatchOperationSequence">
			<operations>
				<!--moyo Heart, Tail-->
				<li Class="PatchOperationReplace">
					<xpath>/Defs/BodyPartDef[defName="MoyoHeart"]/bleedRate</xpath>
					<value>
						<bleedRate>18.75</bleedRate>
					</value>
				</li>
				<li Class="PatchOperationReplace">
					<xpath>/Defs/BodyPartDef[defName="MoyoHeart"]/hitPoints</xpath>
					<value>
						<hitPoints>20</hitPoints>
					</value>
				</li>

				<li Class="PatchOperationReplace">
					<xpath>/Defs/BodyPartDef[defName="Moyo_Tail"]/hitPoints</xpath>
					<value>
						<hitPoints>35</hitPoints>
					</value>
				</li>
				<li Class="PatchOperationAdd">
					<xpath>/Defs/BodyPartDef[defName="Moyo_Tail"]</xpath>
					<value>
						<bleedRate>1.5</bleedRate>
					</value>
				</li>

			</operations>
		</match>
	</Operation>
</Patch>