<?xml version="1.0" encoding="utf-8" ?>
<Defs>
	<ResearchProjectTagDef>
		<defName>MoyoStart</defName>
	</ResearchProjectTagDef>

	<ResearchTabDef>
		<defName>Moyo_technology</defName>
		<label>Moyo technology</label>
	</ResearchTabDef>

	<ResearchProjectDef>
		<defName>MoyoProduction</defName>
		<label>abysstech engineering</label>
		<description>Delve into the technology of the Lighthouse to acquire hints of replicating their gears.</description>
		<tab>Moyo_technology</tab>
		<baseCost>3000</baseCost>
		<techLevel>Spacer</techLevel>
		<prerequisites>
			<li>Fabrication</li>
		</prerequisites>
		<requiredResearchBuilding>HiTechResearchBench</requiredResearchBuilding>
		<requiredResearchFacilities>
			<li>MultiAnalyzer</li>
		</requiredResearchFacilities>
		<researchViewX>0</researchViewX>
		<researchViewY>2</researchViewY>
	</ResearchProjectDef>

	<ResearchProjectDef>
		<defName>MoyoChargedBolt</defName>
		<label>charged bolt</label>
		<description>Craft moyo charge weaponaries. Opting for a bolt casting system to reduce loss of energy, it only requires some modifications to pulse charged weapon technology, and doesn’t take much to research.</description>
		<tab>Moyo_technology</tab>
		<baseCost>500</baseCost>
		<techLevel>Spacer</techLevel>
		<prerequisites>
			<li>ChargedShot</li>
			<li>MoyoProduction</li>
		</prerequisites>
		<requiredResearchBuilding>HiTechResearchBench</requiredResearchBuilding>
		<requiredResearchFacilities>
			<li>MultiAnalyzer</li>
		</requiredResearchFacilities>
		<researchViewX>1</researchViewX>
		<researchViewY>2</researchViewY>
	</ResearchProjectDef>

	<ResearchProjectDef>
		<defName>MoyoCryoBlaster</defName>
		<label>weaponized cryonics</label>
		<description>Craft cryogenic weaponaries. A result of the lighthouse’s research into minimizing bloodloss in combat.</description>
		<tab>Moyo_technology</tab>
		<baseCost>500</baseCost>
		<techLevel>Spacer</techLevel>
		<prerequisites>
			<li>MoyoChargedBolt</li>
		</prerequisites>
		<requiredResearchBuilding>HiTechResearchBench</requiredResearchBuilding>
		<requiredResearchFacilities>
			<li>MultiAnalyzer</li>
		</requiredResearchFacilities>
		<researchViewX>2</researchViewX>
		<researchViewY>2</researchViewY>
	</ResearchProjectDef>	

	<ResearchProjectDef>
		<defName>DeepSeaProtection</defName>
		<label>deepsea diving suit</label>
		<description>Craft moyo diving suits. Used as a substitute for armor in the civil war, it went through many modifications to be adapted for surface use, including removal of the tail piece.</description>
		<tab>Moyo_technology</tab>
		<baseCost>500</baseCost>
		<techLevel>Spacer</techLevel>
		<prerequisites>
			<li>ReconArmor</li>
			<li>MoyoProduction</li>
		</prerequisites>
		<requiredResearchBuilding>HiTechResearchBench</requiredResearchBuilding>
		<requiredResearchFacilities>
			<li>MultiAnalyzer</li>
		</requiredResearchFacilities>
		<researchViewX>1</researchViewX>
		<researchViewY>3</researchViewY>
	</ResearchProjectDef>

	<ResearchProjectDef>
		<defName>DeepBlue_Research</defName>
		<label>deepblue extraction</label>
		<description>Research how to synthesize new drugs with deepblue.</description>
		<tab>Moyo_technology</tab>
		<baseCost>500</baseCost>
		<techLevel>Industrial</techLevel>
		<prerequisites>
			<li>DrugProduction</li>
		</prerequisites>
		<researchViewX>0</researchViewX>
		<researchViewY>0</researchViewY>
		<tags>
			<li>MoyoStart</li>
		</tags>
	</ResearchProjectDef>

	<ResearchProjectDef>
		<defName>DeepBlue_MedResearch</defName>
		<label>medicinal deepblue</label>
		<description>Research how to use deepblue for medical purposes.</description>
		<tab>Moyo_technology</tab>
		<baseCost>1500</baseCost>
		<techLevel>Spacer</techLevel>
		<prerequisites>
			<li>DeepBlue_Research</li>
			<li>MedicineProduction</li>
		</prerequisites>
		<researchViewX>1</researchViewX>
		<researchViewY>0</researchViewY>
	</ResearchProjectDef>

	<ResearchProjectDef>
		<defName>DeepBlue_Manipulation</defName>
		<label>deepblue manipulation</label>
		<description>With extreme understanding of biological and mechanical engineering, now you can manipulate deepblue to craft items with immense capabilities.</description>
		<tab>Moyo_technology</tab>
		<baseCost>4500</baseCost>
		<techLevel>Spacer</techLevel>
		<prerequisites>
			<li>DeepBlue_MedResearch</li>
			<li>MoyoProduction</li>
			<li>Cryptosleep</li>
			<li>Bionics</li>
		</prerequisites>
		<researchViewX>3.00</researchViewX>
		<researchViewY>2.00</researchViewY>
	</ResearchProjectDef>

	<ResearchProjectDef>
		<defName>DBS_Research</defName>
		<label>deepblue synthesis</label>
		<description>Research into a more sustainable means of deepblue production. Deepblue itself cannot be synthesized, but there are other means of obtaining it.</description>
		<tab>Moyo_technology</tab>
		<baseCost>1500</baseCost>
		<techLevel>Spacer</techLevel>
		<prerequisites>
			<li>DeepBlue_MedResearch</li>
			<li>MoyoProduction</li>
		</prerequisites>
		<requiredResearchBuilding>HiTechResearchBench</requiredResearchBuilding>
		<requiredResearchFacilities>
			<li>MultiAnalyzer</li>
		</requiredResearchFacilities>		
		<researchViewX>2.00</researchViewX>
		<researchViewY>0.00</researchViewY>
	</ResearchProjectDef>	
</Defs>