<?xml version="1.0" encoding="utf-8" ?>
<Defs>
	<HairDef>
		<defName>Moyohair_HalfShave</defName>
		<label>Moyo_halfshaved</label>
		<hairGender>Any</hairGender>
		<texPath>Moyo/Hairs/MYHalfShave</texPath>
		<hairTags>
			<li>Moyohair</li>
		</hairTags>
	</HairDef>
	<HairDef>
		<defName>Moyohair_LongBun</defName>
		<label>Moyo_LongBun</label>
		<hairGender>Any</hairGender>
		<texPath>Moyo/Hairs/MYLongBun</texPath>
		<hairTags>
			<li>Moyohair</li>
		</hairTags>
	</HairDef>
	<HairDef>
		<defName>Moyohair_LongBun2</defName>
		<label>Moyo_LongBun2</label>
		<hairGender>Any</hairGender>
		<texPath>Moyo/Hairs/MYLongBun2</texPath>
		<hairTags>
			<li>Moyohair</li>
		</hairTags>
	</HairDef>	
	<HairDef>
		<defName>Moyohair_LongFluff</defName>
		<label>Moyo_LongFluff</label>
		<hairGender>Any</hairGender>
		<texPath>Moyo/Hairs/MYLongFluff</texPath>
		<hairTags>
			<li>Moyohair</li>
		</hairTags>
	</HairDef>
	<HairDef>
		<defName>Moyohair_LongShade</defName>
		<label>Moyo_LongShade</label>
		<hairGender>Any</hairGender>
		<texPath>Moyo/Hairs/MYLongShade</texPath>
		<hairTags>
			<li>Moyohair</li>
		</hairTags>
	</HairDef>
	<HairDef>
		<defName>Moyohair_LongTwin</defName>
		<label>Moyo_LongTwin</label>
		<hairGender>Any</hairGender>
		<texPath>Moyo/Hairs/MYLongTwin</texPath>
		<hairTags>
			<li>Moyohair</li>
		</hairTags>
	</HairDef>
	<HairDef>
		<defName>Moyohair_LowTwin</defName>
		<label>Moyo_LowTwin</label>
		<hairGender>Any</hairGender>
		<texPath>Moyo/Hairs/MYLowTwin</texPath>
		<hairTags>
			<li>Moyohair</li>
		</hairTags>
	</HairDef>
	<HairDef>
		<defName>Moyohair_Ponytail</defName>
		<label>Moyo_Ponytail</label>
		<hairGender>Any</hairGender>
		<texPath>Moyo/Hairs/MYPonytail</texPath>
		<hairTags>
			<li>Moyohair</li>
		</hairTags>
	</HairDef>
	<HairDef>
		<defName>Moyohair_ShortBun</defName>
		<label>Moyo_ShortBun</label>
		<hairGender>Any</hairGender>
		<texPath>Moyo/Hairs/MYShortBun</texPath>
		<hairTags>
			<li>Moyohair</li>
		</hairTags>
	</HairDef>
	<HairDef>
		<defName>Moyohair_ShortFluff</defName>
		<label>Moyo_ShortFluff</label>
		<hairGender>Any</hairGender>
		<texPath>Moyo/Hairs/MYShortFluff</texPath>
		<hairTags>
			<li>Moyohair</li>
		</hairTags>
	</HairDef>
	<HairDef>
		<defName>Moyohair_ShortShade</defName>
		<label>Moyo_ShortShade</label>
		<hairGender>Any</hairGender>
		<texPath>Moyo/Hairs/MYShortShade</texPath>
		<hairTags>
			<li>Moyohair</li>
		</hairTags>
	</HairDef>
	<HairDef>
		<defName>Moyohair_Sidetail</defName>
		<label>Moyo_Sidetail</label>
		<hairGender>Any</hairGender>
		<texPath>Moyo/Hairs/MYSidetail</texPath>
		<hairTags>
			<li>Moyohair</li>
		</hairTags>
	</HairDef>
	<HairDef>
		<defName>Moyohair_SingleBun</defName>
		<label>Moyo_SingleBun</label>
		<hairGender>Any</hairGender>
		<texPath>Moyo/Hairs/MYSingleBun</texPath>
		<hairTags>
			<li>Moyohair</li>
		</hairTags>
	</HairDef>
	<HairDef>
		<defName>Moyohair_ShortWave</defName>
		<label>Moyo_ShortWave</label>
		<hairGender>Any</hairGender>
		<texPath>Moyo/Hairs/MYShortWave</texPath>
		<hairTags>
			<li>Moyohair</li>
		</hairTags>
	</HairDef>	
</Defs>