﻿<?xml version="1.0" encoding="utf-8"?>
<Defs>

  <TraderKindDef>
    <defName>Caravan_MoyoCivil_BulkGoods</defName>
    <label>bulk goods trader</label>
    <stockGenerators>

      <!-- Resources -->
      <li Class="StockGenerator_SingleDef">
        <thingDef>Silver</thingDef>
        <countRange>750~1200</countRange>
      </li>
      <li Class="StockGenerator_SingleDef">
        <thingDef>ComponentIndustrial</thingDef>
        <countRange>30~40</countRange>
      </li>
      <li Class="StockGenerator_SingleDef">
        <thingDef>ComponentSpacer</thingDef>
        <countRange>-10~2</countRange>
      </li>
      <li Class="StockGenerator_SingleDef">
        <thingDef>Steel</thingDef>
        <countRange>250~400</countRange>
      </li>
      <li Class="StockGenerator_SingleDef">
        <thingDef>Cloth</thingDef>
        <countRange>250~400</countRange>
      </li>
      <li Class="StockGenerator_SingleDef">
        <thingDef>Chemfuel</thingDef>
        <countRange>150~300</countRange>
      </li>
      <li Class="StockGenerator_SingleDef">
        <thingDef>Neutroamine</thingDef>
        <countRange>70~160</countRange>
      </li>
      <li Class="StockGenerator_SingleDef">
        <thingDef>Beer</thingDef>
        <totalPriceRange>-100~60</totalPriceRange>
      </li>
      <li Class="StockGenerator_SingleDef">
        <thingDef>Chocolate</thingDef>
        <totalPriceRange>10~40</totalPriceRange>
      </li>
      <li Class="StockGenerator_Category">
        <categoryDef>FoodRaw</categoryDef>
        <excludedCategories>
          <li>EggsFertilized</li>
        </excludedCategories>
        <thingDefCountRange>3~3</thingDefCountRange>
        <totalPriceRange>150~600</totalPriceRange>
      </li>
      <li Class="StockGenerator_Category">
        <categoryDef>Textiles</categoryDef>
      </li>
      <li Class="StockGenerator_MultiDef">
        <thingDefs>
          <li>Chocolate</li>
          <li>Kibble</li>
          <li>Pemmican</li>
        </thingDefs>
      </li>
      
      <!-- Drugs -->
      <li Class="StockGenerator_Category">
        <categoryDef>Drugs</categoryDef>
        <excludedThingDefs>
          <li>AbyssSerum</li>
        </excludedThingDefs>		
      </li>
      <li Class="StockGenerator_SingleDef">
        <thingDef>AbyssSerum</thingDef>
        <countRange>10~30</countRange>
      </li>	  
      
      <!-- Techprints -->
      <!-- none -->
      
      <!-- Weapons -->
      <!-- none -->
      
      <!-- Apparel -->
      <li Class="StockGenerator_MarketValue">
        <tradeTag>Clothing</tradeTag>
        <countRange>10~10</countRange>
      </li>
      
      <!-- Implants -->
      <!-- none -->
      
      <!-- Buildings -->
      <li Class="StockGenerator_Category">
        <categoryDef>BuildingsFurniture</categoryDef>
        <thingDefCountRange>3~3</thingDefCountRange>
        <countRange>1~1</countRange>
      </li>
      
      <!-- Exotic -->
      <!-- none -->
      
      <!-- Slaves -->
      <!-- none -->
      
      <!-- Animals -->
      <li Class="StockGenerator_Animals">
        <maxWildness>0.70</maxWildness>
        <tradeTagsSell>
          <li>AnimalFarm</li>
          <li>AnimalPet</li>
        </tradeTagsSell>
        <tradeTagsBuy>
          <li>AnimalExotic</li>
        </tradeTagsBuy>
        <kindCountRange>1~1</kindCountRange>
        <countRange>3~4</countRange>
      </li>
      
      <!-- Buying -->
      <li Class="StockGenerator_BuyExpensiveSimple" />
      <li Class="StockGenerator_BuyTradeTag"><tag>Art</tag></li>
      <li Class="StockGenerator_BuyTradeTag"><tag>MusicalInstrument</tag></li>
      
    </stockGenerators>
  </TraderKindDef>

  <!--======================================================================================-->

  <TraderKindDef>
    <defName>Caravan_MoyoCivil_CombatSupplier</defName>
    <label>combat supplier</label>
    <stockGenerators>

      <!-- Resources -->
      <li Class="StockGenerator_SingleDef">
        <thingDef>Silver</thingDef>
        <countRange>750~1200</countRange>
      </li>
      <li Class="StockGenerator_SingleDef">
        <thingDef>MedicineIndustrial</thingDef>
        <countRange>5~15</countRange>
      </li>
      
      <!-- Drugs -->
      <li Class="StockGenerator_SingleDef">
        <thingDef>AbyssSerum</thingDef>
        <countRange>10~30</countRange>
      </li>	  
      
      <!-- Techprints -->
      <li Class="StockGenerator_Techprints">
        <countChances>
          <li>
            <count>1</count>
            <chance>1</chance>
          </li>
        </countChances>
      </li>
      
      <!-- Weapons -->
      <li Class="StockGenerator_MarketValue">
        <tradeTag>WeaponRanged</tradeTag>
        <countRange>4~4</countRange>
      </li>
      <li Class="StockGenerator_Category">
        <categoryDef>WeaponsMelee</categoryDef>
        <thingDefCountRange>5~5</thingDefCountRange>
        <countRange>1~1</countRange>
      </li>
      <li Class="StockGenerator_Tag">
        <tradeTag>MortarShell</tradeTag>
        <thingDefCountRange>1~2</thingDefCountRange>
        <countRange>3~15</countRange>
      </li>
      
      <!-- Apparel -->
      <li Class="StockGenerator_MarketValue">
        <tradeTag>Armor</tradeTag>
        <countRange>5~5</countRange>
      </li>
      
      <!-- Implants -->
      <!-- none -->
      
      <!-- Buildings -->
      <!-- none -->
      
      <!-- Exotic -->
      <!-- none -->
      
      <!-- Slaves -->
      <!-- none -->
      
      <!-- Animals -->
      <!-- none -->
      
      <!-- Buying -->
      <li Class="StockGenerator_BuyExpensiveSimple" />
      <li Class="StockGenerator_BuyTradeTag"><tag>Art</tag></li>
      <li Class="StockGenerator_BuyTradeTag"><tag>HiTechArmor</tag></li>
      <li Class="StockGenerator_BuyTradeTag"><tag>MusicalInstrument</tag></li>
      <li Class="StockGenerator_BuyTradeTag"><tag>Drugs</tag></li>
      
    </stockGenerators>
  </TraderKindDef>

  <!--======================================================================================-->

  <TraderKindDef>
    <defName>Caravan_MoyoCivil_PirateMerchant</defName>
    <label>slaver</label>
    <requestable>false</requestable>
    <commonalityMultFromPopulationIntent>
      <points>
        <li>(0.2, 0)</li>
        <li>(1,   1)</li>
        <li>(2,   3)</li>
      </points>
    </commonalityMultFromPopulationIntent>
    <stockGenerators>

      <!-- Resources -->
      <li Class="StockGenerator_SingleDef">
        <thingDef>Silver</thingDef>
        <countRange>750~1200</countRange>
      </li>
      <li Class="StockGenerator_SingleDef">
        <thingDef>MedicineIndustrial</thingDef>
        <countRange>2~5</countRange>
      </li>
      
      <!-- Drugs -->
      <li Class="StockGenerator_Category">
        <categoryDef>Drugs</categoryDef>
        <thingDefCountRange>1~2</thingDefCountRange>
        <totalPriceRange>600~1000</totalPriceRange>
        <excludedThingDefs>
          <li>AbyssSerum</li>
        </excludedThingDefs>		
      </li>
      <li Class="StockGenerator_SingleDef">
        <thingDef>AbyssSerum</thingDef>
        <countRange>10~30</countRange>
      </li>	  	  
      
      <!-- Techprints -->
      <!-- none -->
      
      <!-- Weapons -->
      <li Class="StockGenerator_Tag">
        <tradeTag>MortarShell</tradeTag>
        <thingDefCountRange>-1~2</thingDefCountRange>
        <countRange>1~10</countRange>
      </li>
      
      <!-- Apparel -->
      <!-- none -->
      
      <!-- Implants -->
      <!-- none -->
      
      <!-- Buildings -->
      <!-- none -->
      
      <!-- Exotic -->
      <!-- none -->
      
      <!-- Slaves -->
      <li Class="StockGenerator_Slaves">
        <countRange>2~4</countRange>
      </li>
      
      <!-- Animals -->
      <li Class="StockGenerator_Animals">
        <tradeTagsSell>
          <li>AnimalFighter</li>
        </tradeTagsSell>
        <tradeTagsBuy>
          <li>AnimalUncommon</li>
          <li>AnimalExotic</li>
        </tradeTagsBuy>
        <kindCountRange>1~2</kindCountRange>
        <countRange>1~3</countRange>
      </li>
      
      <!-- Buying -->
      <li Class="StockGenerator_BuyExpensiveSimple" />
      <li Class="StockGenerator_BuyTradeTag"><tag>Art</tag></li>
      <li Class="StockGenerator_BuyTradeTag"><tag>MusicalInstrument</tag></li>
      
    </stockGenerators>
  </TraderKindDef>

  <!--======================================================================================-->

  <TraderKindDef>
    <defName>Caravan_MoyoCivil_Exotic</defName>
    <label>exotic goods trader</label>
    <stockGenerators>

      <!-- Resources -->
      <li Class="StockGenerator_SingleDef">
        <thingDef>Silver</thingDef>
        <countRange>750~1200</countRange>
      </li>
      <li Class="StockGenerator_SingleDef">
        <thingDef>ComponentIndustrial</thingDef>
        <countRange>6~20</countRange>
      </li>
      <li Class="StockGenerator_SingleDef">
        <thingDef>ComponentSpacer</thingDef>
        <countRange>1~4</countRange>
      </li>
      <li Class="StockGenerator_SingleDef">
        <thingDef>Plasteel</thingDef>
        <countRange>50~80</countRange>
      </li>
      <li Class="StockGenerator_SingleDef">
        <thingDef>Moyo_Abyssteel</thingDef>
        <countRange>50~80</countRange>
      </li>	  
      <li Class="StockGenerator_SingleDef">
        <thingDef>Gold</thingDef>
        <countRange>40~80</countRange>
      </li>
      <li Class="StockGenerator_SingleDef">
        <thingDef>MedicineUltratech</thingDef>
        <countRange>2~8</countRange>
      </li>
      
      <!-- simple Drugs -->
      <li Class="StockGenerator_Tag">
        <tradeTag>Moyo_Drugs</tradeTag>
        <thingDefCountRange>1~2</thingDefCountRange>
        <totalPriceRange>200~800</totalPriceRange>
      </li>
      <!-- advanced Drugs -->
      <li Class="StockGenerator_Tag">
        <tradeTag>Moyo_Drugs</tradeTag>
        <thingDefCountRange>1~2</thingDefCountRange>
        <totalPriceRange>600~1200</totalPriceRange>
      </li>	  	  
      
      <!-- Techprints -->
      <li Class="StockGenerator_Techprints">
        <countChances>
          <li>
            <count>3</count>
            <chance>1</chance>
          </li>
        </countChances>
      </li>
      
      <!-- Weapons -->
      <!-- none -->
        
      <!-- Apparel -->
      <!-- none -->
      
      <!-- Implants -->
      <li Class="StockGenerator_Tag">
        <tradeTag>TechHediff</tradeTag>
        <thingDefCountRange>3</thingDefCountRange>
        <countRange>1</countRange>
      </li>
      
      <!-- Buildings -->
      <li Class="StockGenerator_SingleDef">
        <thingDef>Telescope</thingDef>
        <countRange>0~1</countRange>
      </li>
      
      <!-- Exotic -->
      <li Class="StockGenerator_Tag">
        <tradeTag>ExoticMisc</tradeTag>
        <thingDefCountRange>3~3</thingDefCountRange>
        <countRange>1~1</countRange>
        <excludedThingDefs>
          <li>MedicineUltratech</li> <!-- already handled by single def -->
          <li>ComponentSpacer</li> <!-- already handled by single def -->
        </excludedThingDefs>
        <customCountRanges>
          <Luciferium>7~25</Luciferium>
          <Hyperweave>40~120</Hyperweave>
        </customCountRanges>
      </li>
      <li Class="StockGenerator_Tag">
        <tradeTag>Artifact</tradeTag>
        <thingDefCountRange>2~2</thingDefCountRange>
        <countRange>1~1</countRange>
      </li>
      
      <!-- Slaves -->
      <!-- none -->
      
      <!-- Animals -->
      <li Class="StockGenerator_Animals">
        <tradeTagsSell>
          <li>AnimalUncommon</li>
          <li>AnimalFighter</li>
        </tradeTagsSell>
        <tradeTagsBuy>
          <li>AnimalExotic</li>
        </tradeTagsBuy>
        <kindCountRange>3~3</kindCountRange>
        <countRange>1~3</countRange>
      </li>
      
      <!-- Buying -->
      <li Class="StockGenerator_BuyExpensiveSimple" />
      <li Class="StockGenerator_BuyTradeTag"><tag>Art</tag></li>
      <li Class="StockGenerator_BuyTradeTag"><tag>ImplantEmpireCommon</tag></li>
      <li Class="StockGenerator_BuyTradeTag"><tag>ImplantEmpireRoyal</tag></li>
      <li Class="StockGenerator_BuyTradeTag"><tag>PsylinkNeuroformer</tag></li>
      <li Class="StockGenerator_BuyTradeTag"><tag>ExoticBuilding</tag></li>
      <li Class="StockGenerator_BuyTradeTag"><tag>MusicalInstrument</tag></li>
      
    </stockGenerators>
  </TraderKindDef>

</Defs>
