<?xml version="1.0" encoding="UTF-8"?>
<Defs>
	<ThingDef ParentName="BaseFilth">
		<defName>Moyo_Blood</defName>
		<label>blood</label>
		<statBases>
			<Beauty>-30</Beauty>
			<Cleanliness>-10</Cleanliness>
		</statBases>
		<graphicData>
			<texPath>Things/Filth/Spatter</texPath>
			<color>(28, 53, 130, 180)</color>
		</graphicData>
		<filth>
			<disappearsInDays>35~40</disappearsInDays>
			<rainWashes>true</rainWashes>
			<cleaningWorkToReduceThickness>70</cleaningWorkToReduceThickness>
			<canFilthAttach>true</canFilthAttach>
			<cleaningSound>Interact_CleanFilth_Fluid</cleaningSound>
		</filth>
	</ThingDef>
	<FleshTypeDef>
		<defName>Moyo_Flesh</defName>
		<corpseCategory>CorpsesAnimal</corpseCategory>
		<damageEffecter>Damage_HitFlesh</damageEffecter>
		<wounds>
			<li>
				<color>(28, 53, 130)</color>
				<texture>Things/Pawn/Wounds/WoundFleshA</texture>
			</li>
			<li>
				<color>(28, 53, 130)</color>
				<texture>Things/Pawn/Wounds/WoundFleshB</texture>
			</li>
			<li>
				<color>(28, 53, 130)</color>
				<texture>Things/Pawn/Wounds/WoundFleshC</texture>
			</li>
		</wounds>
	</FleshTypeDef>
</Defs>