<?xml version="1.0" encoding="utf-8" ?>
<Defs>
	<ThingCategoryDef>
		<defName>MoyoApparel</defName>
		<label>moyo Apparel</label>
		<parent>Apparel</parent>
	</ThingCategoryDef>
	<ThingCategoryDef>
		<defName>MoyoHeadgear</defName>
		<label>moyo Headgear</label>
		<parent>MoyoApparel</parent>
	</ThingCategoryDef>
	<ThingDef Abstract="True" Name="Moyo_ApparelBase" ParentName="ApparelMakeableBase">
		<techLevel>Medieval</techLevel>
		<apparel>
			<tags>
				<li>Moyo_Apparel</li>
			</tags>
		</apparel>
		<thingCategories Inherit="False">
			<li>MoyoApparel</li>
		</thingCategories>
	</ThingDef>
	<ThingDef Abstract="True" Name="Moyo_HatBase" ParentName="Moyo_ApparelBase">
		<thingCategories Inherit="False">
			<li>MoyoHeadgear</li>
		</thingCategories>
	</ThingDef>
	<!--기계가공갑옷-->
	<ThingDef Abstract="True" Name="Moyo_ArmorMachineableBase" ParentName="ApparelBase">
		<techLevel>Industrial</techLevel>
		<recipeMaker>
			<workSpeedStat>GeneralLaborSpeed</workSpeedStat>
			<workSkill>Crafting</workSkill>
			<effectWorking>Smith</effectWorking>
			<soundWorking>Recipe_Machining</soundWorking>
			<researchPrerequisite>Machining</researchPrerequisite>
			<recipeUsers Inherit="False">
				<li>TableMachining</li>
			</recipeUsers>
			<unfinishedThingDef>UnfinishedArmor</unfinishedThingDef>
			<defaultIngredientFilter>
				<categories>
					<li>Root</li>
				</categories>
				<disallowedThingDefs>
					<li>Gold</li>
					<li>Silver</li>
					<li>Plasteel</li>
					<li>Jade</li>
					<li>Uranium</li>
				</disallowedThingDefs>
			</defaultIngredientFilter>
		</recipeMaker>
		<apparel>
			<tags>
				<li>Moyo_Apparel</li>
				<li>Moyo_Armor</li>
			</tags>
		</apparel>
		<thingCategories>
			<li>MoyoApparel</li>
		</thingCategories>
	</ThingDef>
	<ThingDef Abstract="True" Name="Moyo_HelmetMachineableBase" ParentName="Moyo_ArmorMachineableBase">
		<thingCategories Inherit="False">
			<li>MoyoHeadgear</li>
		</thingCategories>
	</ThingDef>
	<!--강화갑옷-->
	<ThingDef Abstract="True" Name="Moyo_PowerArmorBase" ParentName="ApparelBase">
		<techLevel>Spacer</techLevel>
		<tradeTags Inherit="false">
			<li>HiTechArmor_Moyo</li>
		</tradeTags>
		<apparel>
			<bodyPartGroups>
				<li>Torso</li>
				<li>Neck</li>
				<li>Shoulders</li>
				<li>Arms</li>
				<li>Legs</li>
			</bodyPartGroups>
			<layers>
				<li>Middle</li>
				<li>Shell</li>
			</layers>
			<tags>
				<li>Moyo_Apparel</li>
				<li>Moyo_TechArmor</li>
			</tags>
			<useDeflectMetalEffect>true</useDeflectMetalEffect>
		</apparel>
		<thingCategories>
			<li>MoyoApparel</li>
		</thingCategories>
	</ThingDef>
	<ThingDef Abstract="True" Name="Moyo_PowerHelmetBase" ParentName="Moyo_PowerArmorBase">
		<apparel Inherit="False">
			<bodyPartGroups>
				<li>FullHead</li>
			</bodyPartGroups>
			<layers>
				<li>Overhead</li>
			</layers>
			<tags>
				<li>Moyo_Apparel</li>
				<li>Moyo_TechArmor</li>
			</tags>
			<useDeflectMetalEffect>true</useDeflectMetalEffect>
		</apparel>
		<thingCategories Inherit="False">
			<li>MoyoHeadgear</li>
		</thingCategories>
	</ThingDef>
	<!--원시-->
	<!--몸싸개-->
	<ThingDef ParentName="Moyo_ApparelBase">
		<defName>Moyo_Tribal</defName>
		<label>moyo bodywrappings</label>
		<description>Hastily made clothes with long bandages. Takes a while to fully wrap around you and quite crude, but many a moyo owe their lives to this simple piece of cloth.</description>
		<graphicData>
			<texPath>Things/Apparel/Moyotribal1</texPath>
			<graphicClass>Graphic_Single</graphicClass>
			<drawSize>1</drawSize>
		</graphicData>
		<techLevel>Neolithic</techLevel>
		<costStuffCount>60</costStuffCount>
		<stuffCategories>
			<li>Fabric</li>
			<li>Leathery</li>
		</stuffCategories>
		<tradeability>Sellable</tradeability>
		<statBases>
			<MaxHitPoints>100</MaxHitPoints>
			<WorkToMake>1800</WorkToMake>
			<Mass>0.5</Mass>
			<StuffEffectMultiplierArmor>0.2</StuffEffectMultiplierArmor>
			<StuffEffectMultiplierInsulation_Cold>0.6</StuffEffectMultiplierInsulation_Cold>
			<StuffEffectMultiplierInsulation_Heat>0.6</StuffEffectMultiplierInsulation_Heat>
			<EquipDelay>6</EquipDelay>
		</statBases>
		<apparel>
			<bodyPartGroups>
				<li>Torso</li>
				<li>Legs</li>
			</bodyPartGroups>
			<wornGraphicPath>Things/Apparel/Moyotribal</wornGraphicPath>
			<useWornGraphicMask>true</useWornGraphicMask>
			<layers>
				<li>OnSkin</li>
			</layers>
			<tags>
				<li>Moyo_Neolithic</li>
			</tags>
		</apparel>
		<recipeMaker>
			<recipeUsers>
				<li>CraftingSpot</li>
			</recipeUsers>
		</recipeMaker>
		<colorGenerator Class="ColorGenerator_Options">
			<options>
				<li>
					<weight>10</weight>
					<only>(0.4,0.3,0.15)</only>
				</li>
				<li>
					<weight>15</weight>
					<only>(0.6,0.45,0.18)</only>
				</li>
				<li>
					<weight>20</weight>
					<only>(0.8,0.6,0.23)</only>
				</li>
			</options>
		</colorGenerator>
	</ThingDef>
	<!--파카-->
	<ThingDef ParentName="Moyo_ApparelBase">
		<defName>Moyo_Parka</defName>
		<label>moyo parka</label>
		<description>A parka for moyos to keep warm.</description>
		<graphicData>
			<texPath>Things/Apparel/MoyoParka1</texPath>
			<graphicClass>Graphic_Single</graphicClass>
			<drawSize>1</drawSize>
		</graphicData>
		<techLevel>Neolithic</techLevel>
		<costStuffCount>80</costStuffCount>
		<stuffCategories>
			<li>Fabric</li>
			<li>Leathery</li>
		</stuffCategories>
		<tradeability>Sellable</tradeability>
		<statBases>
			<MaxHitPoints>180</MaxHitPoints>
			<WorkToMake>8000</WorkToMake>
			<Mass>2</Mass>
			<StuffEffectMultiplierArmor>0.2</StuffEffectMultiplierArmor>
			<StuffEffectMultiplierInsulation_Cold>1.8</StuffEffectMultiplierInsulation_Cold>
			<StuffEffectMultiplierInsulation_Heat>0</StuffEffectMultiplierInsulation_Heat>
			<EquipDelay>3</EquipDelay>
		</statBases>
		<apparel>
			<bodyPartGroups>
				<li>Torso</li>
				<li>Neck</li>
				<li>Shoulders</li>
				<li>Arms</li>
			</bodyPartGroups>
			<wornGraphicPath>Things/Apparel/MoyoParka</wornGraphicPath>
			<layers>
				<li>Shell</li>
			</layers>
			<tags>
				<li>Moyo_Neolithic</li>
				<li>Moyo_Industrial</li>
			</tags>
		</apparel>
		<colorGenerator Class="ColorGenerator_Options">
			<options>
				<li>
					<weight>10</weight>
					<only>(0.33,0.33,0.33)</only>
				</li>
				<li>
					<weight>10</weight>
					<only>(0.65,0.65,0.65)</only>
				</li>
				<li>
					<weight>10</weight>
					<only>(0.4,0.3,0.15)</only>
				</li>
				<li>
					<weight>15</weight>
					<min>(0.3,0.3,0.3)</min>
					<max>(0.5,0.5,0.5)</max>
				</li>
				<li>
					<weight>6</weight>
					<min>(0.5,0.5,0.5)</min>
					<max>(1,1,1)</max>
				</li>
			</options>
		</colorGenerator>
	</ThingDef>
	<!--중세-->
	<!-- 노예복장 -->
	<ThingDef ParentName="Moyo_ApparelBase">
		<defName>Moyo_BodyStrap</defName>
		<label>Moyo slave restrainer</label>
		<description>A suit of straps, collar and shackle to restrain slaves. It reminds the wearer of their slave status and psychologically suppresses them, reducing the chance of a slave rebellion.</description>
		<graphicData>
			<texPath>Things/Apparel/MoyoSlave1</texPath>
			<graphicClass>Graphic_Single</graphicClass>
			<drawSize>0.8</drawSize>
		</graphicData>
		<costStuffCount>70</costStuffCount>
		<stuffCategories>
			<li>Fabric</li>
			<li>Leathery</li>
		</stuffCategories>
		<recipeMaker>
			<useIngredientsForColor>false</useIngredientsForColor>
		</recipeMaker>
		<thingCategories>
			<li>Apparel</li>
		</thingCategories>
		<statBases>
			<MaxHitPoints>160</MaxHitPoints>
			<WorkToMake>7000</WorkToMake>
			<Mass>1.5</Mass>
			<StuffEffectMultiplierArmor>0.1</StuffEffectMultiplierArmor>
			<StuffEffectMultiplierInsulation_Cold>0.10</StuffEffectMultiplierInsulation_Cold>
			<StuffEffectMultiplierInsulation_Heat>0.10</StuffEffectMultiplierInsulation_Heat>
			<EquipDelay>1.8</EquipDelay>
		</statBases>
		<equippedStatOffsets>
			<MoveSpeed>-0.1</MoveSpeed>
			<SlaveSuppressionOffset MayRequire="Ludeon.RimWorld.Ideology">0.15</SlaveSuppressionOffset>
		</equippedStatOffsets>
		<apparel>
			<slaveApparel>true</slaveApparel>
			<bodyPartGroups>
				<li>Torso</li>
			</bodyPartGroups>
			<wornGraphicPath>Things/Apparel/MoyoSlave</wornGraphicPath>
			<layers>
				<li>OnSkin</li>
			</layers>
			<defaultOutfitTags>
				<li>Slave</li>
			</defaultOutfitTags>
			<canBeDesiredForIdeo>false</canBeDesiredForIdeo>
			<canBeGeneratedToSatisfyWarmth>false</canBeGeneratedToSatisfyWarmth>
		</apparel>
		<colorGenerator Class="ColorGenerator_StandardApparel"/>
	</ThingDef>
	<!--셔츠앤부츠-->
	<ThingDef ParentName="Moyo_ApparelBase">
		<defName>Moyo_SnB</defName>
		<label>moyo shirt and boots</label>
		<description>a suit of clothes with shirt and boots. its better than bodywrappings in every way.</description>
		<graphicData>
			<texPath>Things/Apparel/MoyoSnB1</texPath>
			<graphicClass>Graphic_Single</graphicClass>
			<drawSize>1</drawSize>
		</graphicData>
		<techLevel>Medieval</techLevel>
		<costStuffCount>80</costStuffCount>
		<stuffCategories>
			<li>Fabric</li>
			<li>Leathery</li>
		</stuffCategories>
		<tradeability>Sellable</tradeability>
		<statBases>
			<MaxHitPoints>180</MaxHitPoints>
			<WorkToMake>5000</WorkToMake>
			<Mass>0.5</Mass>
			<StuffEffectMultiplierArmor>0.22</StuffEffectMultiplierArmor>
			<StuffEffectMultiplierInsulation_Cold>0.60</StuffEffectMultiplierInsulation_Cold>
			<StuffEffectMultiplierInsulation_Heat>0.55</StuffEffectMultiplierInsulation_Heat>
			<EquipDelay>4</EquipDelay>
		</statBases>
		<apparel>
			<bodyPartGroups>
				<li>Torso</li>
				<li>Neck</li>
				<li>Shoulders</li>
				<li>Arms</li>
				<li>Legs</li>
			</bodyPartGroups>
			<wornGraphicPath>Things/Apparel/MoyoSnB</wornGraphicPath>
			<useWornGraphicMask>true</useWornGraphicMask>
			<layers>
				<li>OnSkin</li>
			</layers>
			<tags>
				<li>Moyo_Industrial</li>
				<li>Moyo_Medeival</li>
			</tags>
		</apparel>
		<colorGenerator Class="ColorGenerator_Options">
			<options>
				<li>
					<weight>10</weight>
					<only>(0.4,0.3,0.15)</only>
				</li>
				<li>
					<weight>15</weight>
					<only>(0.6,0.45,0.18)</only>
				</li>
				<li>
					<weight>20</weight>
					<only>(0.8,0.6,0.23)</only>
				</li>
			</options>
		</colorGenerator>
	</ThingDef>
	<!--자켓-->
	<ThingDef ParentName="Moyo_ApparelBase">
		<defName>Moyo_Jacket</defName>
		<label>moyo jacket</label>
		<description>A sturdy jacket to protect the body from harm.</description>
		<graphicData>
			<texPath>Things/Apparel/MoyoJacket1</texPath>
			<graphicClass>Graphic_Single</graphicClass>
			<drawSize>1</drawSize>
		</graphicData>
		<techLevel>Medieval</techLevel>
		<costStuffCount>70</costStuffCount>
		<stuffCategories>
			<li>Fabric</li>
			<li>Leathery</li>
		</stuffCategories>
		<tradeability>Sellable</tradeability>
		<statBases>
			<MaxHitPoints>160</MaxHitPoints>
			<WorkToMake>7000</WorkToMake>
			<Mass>1.7</Mass>
			<StuffEffectMultiplierArmor>0.3</StuffEffectMultiplierArmor>
			<StuffEffectMultiplierInsulation_Cold>0.6</StuffEffectMultiplierInsulation_Cold>
			<StuffEffectMultiplierInsulation_Heat>0.1</StuffEffectMultiplierInsulation_Heat>
			<EquipDelay>1.5</EquipDelay>
		</statBases>
		<apparel>
			<bodyPartGroups>
				<li>Torso</li>
				<li>Neck</li>
				<li>Shoulders</li>
				<li>Arms</li>
			</bodyPartGroups>
			<wornGraphicPath>Things/Apparel/MoyoJacket</wornGraphicPath>
			<layers>
				<li>Shell</li>
			</layers>
			<tags>
				<li>Moyo_Industrial</li>
			</tags>
		</apparel>
		<colorGenerator Class="ColorGenerator_Options">
			<options>
				<li>
					<weight>10</weight>
					<only>(0.33,0.33,0.33)</only>
				</li>
				<li>
					<weight>10</weight>
					<only>(0.65,0.65,0.65)</only>
				</li>
				<li>
					<weight>10</weight>
					<only>(0.4,0.3,0.15)</only>
				</li>
				<li>
					<weight>15</weight>
					<min>(0.3,0.3,0.3)</min>
					<max>(0.5,0.5,0.5)</max>
				</li>
				<li>
					<weight>6</weight>
					<min>(0.5,0.5,0.5)</min>
					<max>(1,1,1)</max>
				</li>
			</options>
		</colorGenerator>
	</ThingDef>
	<!--바람막이-->
	<ThingDef ParentName="Moyo_ApparelBase">
		<defName>Moyo_Duster</defName>
		<label>moyo duster</label>
		<description>A long coat that offers protection from the sun and wind.</description>
		<recipeMaker>
			<researchPrerequisite>ComplexClothing</researchPrerequisite>
		</recipeMaker>
		<graphicData>
			<texPath>Things/Apparel/MoyoDuster1</texPath>
			<graphicClass>Graphic_Single</graphicClass>
			<drawSize>1</drawSize>
		</graphicData>
		<costStuffCount>80</costStuffCount>
		<stuffCategories>
			<li>Fabric</li>
			<li>Leathery</li>
		</stuffCategories>
		<statBases>
			<MaxHitPoints>200</MaxHitPoints>
			<WorkToMake>10000</WorkToMake>
			<Mass>2</Mass>
			<StuffEffectMultiplierArmor>0.3</StuffEffectMultiplierArmor>
			<StuffEffectMultiplierInsulation_Cold>0.4</StuffEffectMultiplierInsulation_Cold>
			<StuffEffectMultiplierInsulation_Heat>0.65</StuffEffectMultiplierInsulation_Heat>
			<EquipDelay>3</EquipDelay>
		</statBases>
		<apparel>
			<bodyPartGroups>
				<li>Torso</li>
				<li>Neck</li>
				<li>Shoulders</li>
				<li>Arms</li>
				<li>Legs</li>
			</bodyPartGroups>
			<wornGraphicPath>Things/Apparel/MoyoDuster</wornGraphicPath>
			<layers>
				<li>Shell</li>
			</layers>
			<tags>
				<li>Moyo_Industrial</li>
			</tags>
		</apparel>
		<colorGenerator Class="ColorGenerator_Options">
			<options>
				<li>
					<weight>10</weight>
					<only>(0.33,0.33,0.33)</only>
				</li>
				<li>
					<weight>10</weight>
					<only>(0.65,0.65,0.65)</only>
				</li>
				<li>
					<weight>30</weight>
					<only>(0.4,0.3,0.15)</only>
				</li>
				<li>
					<weight>6</weight>
					<min>(0.3,0.3,0.3)</min>
					<max>(0.5,0.5,0.5)</max>
				</li>
				<li>
					<weight>2</weight>
					<min>(0.5,0.5,0.5)</min>
					<max>(1,1,1)</max>
				</li>
			</options>
		</colorGenerator>
	</ThingDef>
	<!--털모자-->
	<ThingDef ParentName="Moyo_HatBase">
		<defName>Moyo_Tuque</defName>
		<label>moyo tuque</label>
		<description>A thick fluffy hat. Helps maintain body temperature.</description>
		<graphicData>
			<texPath>Things/Apparel/MoyoTuque1</texPath>
			<graphicClass>Graphic_Single</graphicClass>
			<drawSize>1</drawSize>
		</graphicData>
		<uiIconScale>1.25</uiIconScale>
		<costStuffCount>25</costStuffCount>
		<stuffCategories>
			<li>Fabric</li>
		</stuffCategories>
		<statBases>
			<MaxHitPoints>80</MaxHitPoints>
			<WorkToMake>1200</WorkToMake>
			<Mass>0.07</Mass>
			<StuffEffectMultiplierArmor>0.2</StuffEffectMultiplierArmor>
			<StuffEffectMultiplierInsulation_Cold>0.50</StuffEffectMultiplierInsulation_Cold>
			<StuffEffectMultiplierInsulation_Heat>0</StuffEffectMultiplierInsulation_Heat>
			<EquipDelay>0.8</EquipDelay>
		</statBases>
		<generateCommonality>0.5</generateCommonality>
		<apparel>
			<bodyPartGroups>
				<li>UpperHead</li>
			</bodyPartGroups>
			<wornGraphicPath>Things/Apparel/MoyoTuque</wornGraphicPath>
			<layers>
				<li>Overhead</li>
			</layers>
			<tags>
				<li>Moyo_Industrial</li>
				<li>MoyoTuque</li>
			</tags>
		</apparel>
		<colorGenerator Class="ColorGenerator_Options">
			<options>
				<li>
					<weight>10</weight>
					<only>(0.33,0.33,0.33,1)</only>
				</li>
				<li>
					<weight>10</weight>
					<only>(0.65,0.65,0.65,1)</only>
				</li>
				<li>
					<weight>6</weight>
					<min>(0.3,0.3,0.3,1)</min>
					<max>(0.5,0.5,0.5,1)</max>
				</li>
				<li>
					<weight>10</weight>
					<only>(0.9,0.9,0.9,1)</only>
				</li>
			</options>
		</colorGenerator>
	</ThingDef>
	<!--카우보이-->
	<ThingDef ParentName="Moyo_HatBase">
		<defName>Moyo_CowboyHat</defName>
		<label>moyo cowboyhat</label>
		<description>A traditional western hat that blocks sun and rain, and makes you look more charismatic to boot. However, not quite designed to accommodate a moyo’s feelers.</description>
		<graphicData>
			<texPath>Things/Apparel/MoyoCowhat1</texPath>
			<graphicClass>Graphic_Single</graphicClass>
			<drawSize>1</drawSize>
		</graphicData>
		<uiIconScale>1.25</uiIconScale>
		<costStuffCount>25</costStuffCount>
		<stuffCategories>
			<li>Fabric</li>
			<li>Leathery</li>
		</stuffCategories>
		<statBases>
			<MaxHitPoints>80</MaxHitPoints>
			<WorkToMake>1800</WorkToMake>
			<Mass>0.14</Mass>
			<StuffEffectMultiplierArmor>0.2</StuffEffectMultiplierArmor>
			<StuffEffectMultiplierInsulation_Cold>0.1</StuffEffectMultiplierInsulation_Cold>
			<StuffEffectMultiplierInsulation_Heat>0.5</StuffEffectMultiplierInsulation_Heat>
			<EquipDelay>0.8</EquipDelay>
		</statBases>
		<equippedStatOffsets>
			<SocialImpact>0.10</SocialImpact>
		</equippedStatOffsets>
		<generateCommonality>0.5</generateCommonality>
		<apparel>
			<bodyPartGroups>
				<li>UpperHead</li>
			</bodyPartGroups>
			<wornGraphicPath>Things/Apparel/MoyoCowhat</wornGraphicPath>
			<layers>
				<li>Overhead</li>
			</layers>
			<tags>
				<li>Moyo_Industrial</li>
				<li>RoyalTier2</li>
			</tags>
		</apparel>
		<colorGenerator Class="ColorGenerator_Options">
			<options>
				<li>
					<weight>10</weight>
					<only>(0.33,0.33,0.33,1)</only>
				</li>
				<li>
					<weight>10</weight>
					<only>(0.65,0.65,0.65,1)</only>
				</li>
				<li>
					<weight>6</weight>
					<min>(0.3,0.3,0.3,1)</min>
					<max>(0.5,0.5,0.5,1)</max>
				</li>
				<li>
					<weight>10</weight>
					<only>(0.9,0.9,0.9,1)</only>
				</li>
			</options>
		</colorGenerator>
	</ThingDef>
	<!--중산모-->
	<ThingDef ParentName="Moyo_HatBase">
		<defName>Moyo_BowlerHat</defName>
		<label>moyo bowlerhat</label>
		<description>A good-looking hat which projects a slightly urban, money-loving style. Improves social impact. Not designed with head feelers in mind.</description>
		<graphicData>
			<texPath>Things/Apparel/MoyoBowlerhat1</texPath>
			<graphicClass>Graphic_Single</graphicClass>
			<drawSize>1</drawSize>
		</graphicData>
		<uiIconScale>1.25</uiIconScale>
		<costStuffCount>20</costStuffCount>
		<stuffCategories>
			<li>Fabric</li>
			<li>Leathery</li>
		</stuffCategories>
		<statBases>
			<MaxHitPoints>80</MaxHitPoints>
			<WorkToMake>1800</WorkToMake>
			<Mass>0.14</Mass>
			<StuffEffectMultiplierArmor>0.2</StuffEffectMultiplierArmor>
			<StuffEffectMultiplierInsulation_Cold>0.1</StuffEffectMultiplierInsulation_Cold>
			<StuffEffectMultiplierInsulation_Heat>0.4</StuffEffectMultiplierInsulation_Heat>
			<EquipDelay>0.8</EquipDelay>
		</statBases>
		<generateCommonality>0.5</generateCommonality>
		<equippedStatOffsets>
			<SocialImpact>0.15</SocialImpact>
		</equippedStatOffsets>
		<apparel>
			<bodyPartGroups>
				<li>UpperHead</li>
			</bodyPartGroups>
			<wornGraphicPath>Things/Apparel/MoyoBowlerhat</wornGraphicPath>
			<layers>
				<li>Overhead</li>
			</layers>
			<tags>
				<li>Moyo_Industrial</li>
				<li>RoyalTier2</li>
			</tags>
		</apparel>
		<colorGenerator Class="ColorGenerator_Options">
			<options>
				<li>
					<weight>10</weight>
					<only>(0.33,0.33,0.33,1)</only>
				</li>
				<li>
					<weight>10</weight>
					<only>(0.65,0.65,0.65,1)</only>
				</li>
				<li>
					<weight>6</weight>
					<min>(0.3,0.3,0.3,1)</min>
					<max>(0.5,0.5,0.5,1)</max>
				</li>
				<li>
					<weight>10</weight>
					<only>(0.9,0.9,0.9,1)</only>
				</li>
			</options>
		</colorGenerator>
	</ThingDef>
	<!--산업-->
	<!--바디슈트-->
	<ThingDef ParentName="Moyo_ApparelBase">
		<defName>Moyo_Bodysuit</defName>
		<label>moyo bodysuit</label>
		<description>Protective suit for temperature-sensitive moyos. Looks stylish as well.</description>
		<graphicData>
			<texPath>Things/Apparel/Moyobodysuit1</texPath>
			<graphicClass>Graphic_Single</graphicClass>
			<drawSize>1</drawSize>
		</graphicData>
		<techLevel>Industrial</techLevel>
		<costList>
			<ComponentIndustrial>1</ComponentIndustrial>
			<Moyo_Depthweave>60</Moyo_Depthweave>
		</costList>
		<tradeability>Sellable</tradeability>
		<statBases>
			<MaxHitPoints>100</MaxHitPoints>
			<WorkToMake>12000</WorkToMake>
			<Mass>0.5</Mass>
			<ArmorRating_Sharp>0.16</ArmorRating_Sharp>
			<ArmorRating_Blunt>0.06</ArmorRating_Blunt>
			<ArmorRating_Heat>0.40</ArmorRating_Heat>
			<Insulation_Cold>21.5</Insulation_Cold>
			<Insulation_Heat>12</Insulation_Heat>
			<EquipDelay>2</EquipDelay>
		</statBases>
		<apparel>
			<bodyPartGroups>
				<li>Torso</li>
				<li>Neck</li>
				<li>Shoulders</li>
				<li>Arms</li>
				<li>Legs</li>
			</bodyPartGroups>
			<wornGraphicPath>Things/Apparel/Moyobodysuit</wornGraphicPath>
			<layers>
				<li>OnSkin</li>
			</layers>
			<tags>
				<li>Moyo_Industrial</li>
				<li>Moyo_Military</li>
				<li>Moyo_Starting</li>
				<li>Moyo_Spacer</li>
			</tags>
		</apparel>
		<recipeMaker>
			<researchPrerequisite>Machining</researchPrerequisite>
			<skillRequirements>
				<Crafting>4</Crafting>
			</skillRequirements>
			<unfinishedThingDef>UnfinishedHealthItemBionic</unfinishedThingDef>
		</recipeMaker>
		<colorGenerator Class="ColorGenerator_Options">
			<options>
				<li>
					<weight>100</weight>
					<only>(1,1,1)</only>
				</li>
			</options>
		</colorGenerator>
	</ThingDef>
	<!--산업갑옷-->
	<!--작업복-->
	<ThingDef ParentName="Moyo_ArmorMachineableBase">
		<defName>Moyo_EGsuit</defName>
		<label>moyo engineering gear</label>
		<description>A suit worn by moyo engineers. Grants protection from the heat of the middle layer, as well as any accidents.</description>
		<graphicData>
			<texPath>Things/Apparel/EGsuit1</texPath>
			<graphicClass>Graphic_Single</graphicClass>
			<drawSize>1</drawSize>
		</graphicData>
		<techLevel>Industrial</techLevel>
		<costList>
			<ComponentIndustrial>2</ComponentIndustrial>
			<Steel>90</Steel>
			<Moyo_Depthweave>25</Moyo_Depthweave>
		</costList>
		<tradeability>Sellable</tradeability>
		<statBases>
			<WorkToMake>9000</WorkToMake>
			<MaxHitPoints>200</MaxHitPoints>
			<Mass>6</Mass>
			<Flammability>0.6</Flammability>
			<ArmorRating_Sharp>0.78</ArmorRating_Sharp>
			<ArmorRating_Blunt>0.25</ArmorRating_Blunt>
			<ArmorRating_Heat>0.6</ArmorRating_Heat>
			<Insulation_Cold>3.5</Insulation_Cold>
			<Insulation_Heat>10</Insulation_Heat>
			<EquipDelay>4</EquipDelay>
		</statBases>
		<apparel>
			<bodyPartGroups>
				<li>Torso</li>
				<li>Neck</li>
				<li>Shoulders</li>
				<li>Arms</li>
				<li>Legs</li>
			</bodyPartGroups>
			<wornGraphicPath>Things/Apparel/EGsuit</wornGraphicPath>
			<layers>
				<li>Middle</li>
			</layers>
			<tags>
				<li>Moyo_Industrial</li>
				<li>Moyo_Engineer</li>
			</tags>
		</apparel>
		<recipeMaker>
			<researchPrerequisite>FlakArmor</researchPrerequisite>
			<skillRequirements>
				<Crafting>5</Crafting>
			</skillRequirements>
		</recipeMaker>
		<colorGenerator Class="ColorGenerator_Options">
			<options>
				<li>
					<weight>100</weight>
					<only>(1,1,1)</only>
				</li>
			</options>
		</colorGenerator>
	</ThingDef>
	<!--용접마스크-->
	<ThingDef ParentName="Moyo_HelmetMachineableBase">
		<defName>Moyo_EGmask</defName>
		<label>moyo welding mask</label>
		<description>A mask that blocks extreme heat and light. Also provides physical protection for the face.</description>
		<graphicData>
			<texPath>Things/Apparel/EGmask1</texPath>
			<graphicClass>Graphic_Single</graphicClass>
			<drawSize>1</drawSize>
		</graphicData>
		<uiIconScale>1.4</uiIconScale>
		<costList>
			<ComponentIndustrial>2</ComponentIndustrial>
			<Steel>30</Steel>
			<Cloth>10</Cloth>
		</costList>
		<tradeability>Sellable</tradeability>
		<statBases>
			<WorkToMake>9000</WorkToMake>
			<MaxHitPoints>100</MaxHitPoints>
			<Mass>1.7</Mass>
			<Flammability>0.6</Flammability>
			<ArmorRating_Sharp>0.65</ArmorRating_Sharp>
			<ArmorRating_Blunt>0.2</ArmorRating_Blunt>
			<ArmorRating_Heat>0.6</ArmorRating_Heat>
			<Insulation_Cold>0</Insulation_Cold>
			<Insulation_Heat>2</Insulation_Heat>
			<EquipDelay>1</EquipDelay>
		</statBases>
		<apparel>
			<bodyPartGroups>
				<li>FullHead</li>
			</bodyPartGroups>
			<wornGraphicPath>Things/Apparel/EGmask</wornGraphicPath>
			<hatRenderedFrontOfFace>true</hatRenderedFrontOfFace>
			<layers>
				<li>Overhead</li>
			</layers>
			<tags>
				<li>Moyo_Industrial</li>
				<li>Moyo_Engineer</li>
			</tags>
			<defaultOutfitTags>
				<li>Soldier</li>
			</defaultOutfitTags>
		</apparel>
		<recipeMaker>
			<researchPrerequisite>FlakArmor</researchPrerequisite>
		</recipeMaker>
	</ThingDef>
	<!--우주-->
	<!--환경적응슈트-->
	<ThingDef ParentName="Moyo_ApparelBase">
		<defName>Moyo_Evasuit</defName>
		<label>moyo composite bodySuit</label>
		<description>Reinforced with various materials, the suit is quite tough and provides boasts a high temperature resistance.</description>
		<graphicData>
			<texPath>Things/Apparel/MoyoEvasuit1</texPath>
			<graphicClass>Graphic_Single</graphicClass>
			<drawSize>1</drawSize>
		</graphicData>
		<techLevel>Spacer</techLevel>
		<costList>
			<ComponentIndustrial>4</ComponentIndustrial>
			<Moyo_Depthweave>90</Moyo_Depthweave>
			<Steel>15</Steel>
		</costList>
		<tradeability>Sellable</tradeability>
		<statBases>
			<MaxHitPoints>175</MaxHitPoints>
			<WorkToMake>25000</WorkToMake>
			<Mass>0.5</Mass>
			<ArmorRating_Sharp>0.50</ArmorRating_Sharp>
			<ArmorRating_Blunt>0.35</ArmorRating_Blunt>
			<ArmorRating_Heat>0.60</ArmorRating_Heat>
			<Insulation_Cold>35</Insulation_Cold>
			<Insulation_Heat>22.5</Insulation_Heat>
			<EquipDelay>2</EquipDelay>
		</statBases>
		<equippedStatOffsets>
			<MoveSpeed>0.1</MoveSpeed>
		</equippedStatOffsets>
		<apparel>
			<bodyPartGroups>
				<li>Torso</li>
				<li>Neck</li>
				<li>Shoulders</li>
				<li>Arms</li>
				<li>Legs</li>
			</bodyPartGroups>
			<wornGraphicPath>Things/Apparel/MoyoEvasuit</wornGraphicPath>
			<layers>
				<li>OnSkin</li>
			</layers>
			<tags>
				<li>Moyo_Spacer</li>
				<li>Moyo_SpacerLight</li>
				<li>Moyo_SpacerHeavy</li>
				<li>RoyalTier5</li>
			</tags>
		</apparel>
		<recipeMaker>
			<researchPrerequisite>MultiAnalyzer</researchPrerequisite>
			<skillRequirements>
				<Crafting>6</Crafting>
			</skillRequirements>
			<recipeUsers Inherit="False">
				<li>TableMachining</li>
			</recipeUsers>
			<unfinishedThingDef>UnfinishedTechArmor</unfinishedThingDef>
		</recipeMaker>
		<colorGenerator Class="ColorGenerator_Options">
			<options>
				<li>
					<weight>100</weight>
					<only>(1,1,1)</only>
				</li>
			</options>
		</colorGenerator>
	</ThingDef>
	<!--우주갑옷-->
	<!-- 심층잠수복 -->
	<ThingDef ParentName="Moyo_PowerArmorBase">
		<defName>Moyo_DDgear</defName>
		<label>moyo deepdiving gear</label>
		<description>Diving suit designed for deep sea use. Made with thick abysteel plates to resist the water pressure and filled with various support modules, making it quite heavy.\n\nThe lighthouse relied on mechanoids for most deep sea work, but as the number of operable mechanoids decreased, they had to rely more and more on manpower.</description>
		<recipeMaker>
			<researchPrerequisite>DeepSeaProtection</researchPrerequisite>
			<workSpeedStat>GeneralLaborSpeed</workSpeedStat>
			<workSkill>Crafting</workSkill>
			<effectWorking>Smith</effectWorking>
			<soundWorking>Recipe_Machining</soundWorking>
			<recipeUsers Inherit="False">
				<li>Moyo_FabricationBench</li>
			</recipeUsers>
			<unfinishedThingDef>UnfinishedTechArmor</unfinishedThingDef>
			<skillRequirements>
				<Crafting>8</Crafting>
			</skillRequirements>
		</recipeMaker>
		<graphicData>
			<texPath>Things/Apparel/DDsuit1</texPath>
			<graphicClass>Graphic_Single</graphicClass>
			<drawSize>1</drawSize>
		</graphicData>
		<statBases>
			<WorkToMake>70000</WorkToMake>
			<MaxHitPoints>500</MaxHitPoints>
			<Mass>18</Mass>
			<Flammability>0.2</Flammability>
			<ArmorRating_Sharp>1</ArmorRating_Sharp>
			<ArmorRating_Blunt>0.65</ArmorRating_Blunt>
			<ArmorRating_Heat>0.6</ArmorRating_Heat>
			<Insulation_Cold>36</Insulation_Cold>
			<Insulation_Heat>16</Insulation_Heat>
			<EquipDelay>12</EquipDelay>
		</statBases>
		<equippedStatOffsets>
			<MoveSpeed>-0.8</MoveSpeed>
			<MeleeDodgeChance>-0.1</MeleeDodgeChance>
		</equippedStatOffsets>
		<costList>
			<Moyo_Abyssteel>120</Moyo_Abyssteel>
			<ComponentSpacer>4</ComponentSpacer>
		</costList>
		<apparel>
			<wornGraphicPath>Things/Apparel/DDsuit</wornGraphicPath>
			<tags>
				<li>Moyo_SpacerHeavy</li>
			</tags>
			<defaultOutfitTags>
				<li>Soldier</li>
			</defaultOutfitTags>
		</apparel>
		<colorGenerator Class="ColorGenerator_Options">
			<options>
				<li>
					<weight>100</weight>
					<only>(1,1,1)</only>
				</li>
			</options>
		</colorGenerator>
	</ThingDef>
	<!--심층잠수복헷멧-->
	<ThingDef ParentName="Moyo_PowerHelmetBase">
		<defName>Moyo_DDhelmet</defName>
		<label>moyo deepdiving helmet</label>
		<description>Deep sea helmet used with the deep diving suit. Just as large, heavy, and protective as the suit. Both are required to go underwater, but no such problems exist on the surface.\n\nAs the civil war raged on, it was only a matter of time before they were repurposed for military needs.</description>
		<recipeMaker>
			<researchPrerequisite>DeepSeaProtection</researchPrerequisite>
			<workSpeedStat>GeneralLaborSpeed</workSpeedStat>
			<workSkill>Crafting</workSkill>
			<effectWorking>Smith</effectWorking>
			<soundWorking>Recipe_Machining</soundWorking>
			<recipeUsers Inherit="False">
				<li>Moyo_FabricationBench</li>
			</recipeUsers>
			<unfinishedThingDef>UnfinishedTechArmor</unfinishedThingDef>
			<skillRequirements>
				<Crafting>8</Crafting>
			</skillRequirements>
		</recipeMaker>
		<graphicData>
			<texPath>Things/Apparel/DDhelmet1</texPath>
			<graphicClass>Graphic_Single</graphicClass>
			<drawSize>1</drawSize>
		</graphicData>
		<statBases>
			<WorkToMake>30000</WorkToMake>
			<MaxHitPoints>350</MaxHitPoints>
			<Mass>8</Mass>
			<Flammability>0.2</Flammability>
			<ArmorRating_Sharp>1</ArmorRating_Sharp>
			<ArmorRating_Blunt>0.65</ArmorRating_Blunt>
			<ArmorRating_Heat>0.6</ArmorRating_Heat>
			<Insulation_Cold>7</Insulation_Cold>
			<Insulation_Heat>3</Insulation_Heat>
			<EquipDelay>6</EquipDelay>
		</statBases>
		<equippedStatOffsets>
			<MoveSpeed>-0.1</MoveSpeed>
		</equippedStatOffsets>
		<costList>
			<Moyo_Abyssteel>45</Moyo_Abyssteel>
			<ComponentSpacer>1</ComponentSpacer>
		</costList>
		<apparel>
			<wornGraphicPath>Things/Apparel/DDhelmet</wornGraphicPath>
			<tags>
				<li>Moyo_SpacerHeavy</li>
			</tags>
			<defaultOutfitTags>
				<li>Soldier</li>
			</defaultOutfitTags>
		</apparel>
		<colorGenerator Class="ColorGenerator_Options">
			<options>
				<li>
					<weight>100</weight>
					<only>(1,1,1)</only>
				</li>
			</options>
		</colorGenerator>
	</ThingDef>
	<!--경잠수복-->
	<ThingDef ParentName="Moyo_PowerArmorBase">
		<defName>Moyo_LDgear</defName>
		<label>moyo diving gear</label>
		<description>Diving suit for underwater work. Grants protection from the outside environment while still allowing freedom of movement.\n\nOriginally, this was the only diving suit used by the moyo, but as the need for deep sea diving grew, the diving suits where modified into the thicker-and more protective-deep diving suits.</description>
		<recipeMaker>
			<researchPrerequisite>ShallowSeaProtection</researchPrerequisite>
			<workSpeedStat>GeneralLaborSpeed</workSpeedStat>
			<workSkill>Crafting</workSkill>
			<effectWorking>Smith</effectWorking>
			<soundWorking>Recipe_Machining</soundWorking>
			<recipeUsers Inherit="False">
				<li>Moyo_FabricationBench</li>
			</recipeUsers>
			<unfinishedThingDef>UnfinishedTechArmor</unfinishedThingDef>
			<skillRequirements>
				<Crafting>6</Crafting>
			</skillRequirements>
		</recipeMaker>
		<graphicData>
			<texPath>Things/Apparel/LDsuit1</texPath>
			<graphicClass>Graphic_Single</graphicClass>
			<drawSize>1</drawSize>
		</graphicData>
		<statBases>
			<WorkToMake>50000</WorkToMake>
			<MaxHitPoints>350</MaxHitPoints>
			<Mass>7</Mass>
			<Flammability>0.2</Flammability>
			<ArmorRating_Sharp>0.95</ArmorRating_Sharp>
			<ArmorRating_Blunt>0.43</ArmorRating_Blunt>
			<ArmorRating_Heat>0.5</ArmorRating_Heat>
			<Insulation_Cold>24</Insulation_Cold>
			<Insulation_Heat>12</Insulation_Heat>
			<EquipDelay>10</EquipDelay>
		</statBases>
		<tradeTags>
			<li>HiTechArmor</li>
		</tradeTags>
		<costList>
			<ComponentSpacer>3</ComponentSpacer>
			<Moyo_Abyssteel>75</Moyo_Abyssteel>
			<Moyo_Depthweave>50</Moyo_Depthweave>
		</costList>
		<apparel>
			<wornGraphicPath>Things/Apparel/LDsuit</wornGraphicPath>
			<tags>
				<li>Moyo_SpacerLight</li>
				<li>RoyalTier2</li>
			</tags>
			<defaultOutfitTags>
				<li>Soldier</li>
			</defaultOutfitTags>
		</apparel>
		<colorGenerator Class="ColorGenerator_Options">
			<options>
				<li>
					<weight>100</weight>
					<only>(1,1,1)</only>
				</li>
			</options>
		</colorGenerator>
	</ThingDef>
	<!-- 경잠수복헬멧 -->
	<ThingDef ParentName="Moyo_PowerHelmetBase">
		<defName>Moyo_LDhelmet</defName>
		<label>moyo diving helmet</label>
		<description>Helmet paired with the diving suit. Comes with a HUD and a wide visor to allow for a wide view.\n\nMainly used in the upper and middle levels, it wasn’t much trouble for smugglers to acquire some for their own use. An armed riot caused by a group of moyo in diving suits was what sparked the civil war.</description>
		<recipeMaker>
			<researchPrerequisite>ShallowSeaProtection</researchPrerequisite>
			<workSpeedStat>GeneralLaborSpeed</workSpeedStat>
			<workSkill>Crafting</workSkill>
			<effectWorking>Smith</effectWorking>
			<soundWorking>Recipe_Machining</soundWorking>
			<recipeUsers Inherit="False">
				<li>Moyo_FabricationBench</li>
			</recipeUsers>
			<unfinishedThingDef>UnfinishedTechArmor</unfinishedThingDef>
			<skillRequirements>
				<Crafting>6</Crafting>
			</skillRequirements>
		</recipeMaker>
		<graphicData>
			<texPath>Things/Apparel/LDhelmet1</texPath>
			<graphicClass>Graphic_Single</graphicClass>
			<drawSize>1</drawSize>
		</graphicData>
		<statBases>
			<WorkToMake>20000</WorkToMake>
			<MaxHitPoints>250</MaxHitPoints>
			<Mass>3</Mass>
			<Flammability>0.2</Flammability>
			<ArmorRating_Sharp>0.95</ArmorRating_Sharp>
			<ArmorRating_Blunt>0.43</ArmorRating_Blunt>
			<ArmorRating_Heat>0.5</ArmorRating_Heat>
			<Insulation_Cold>5</Insulation_Cold>
			<EquipDelay>2</EquipDelay>
		</statBases>
		<costList>
			<ComponentSpacer>1</ComponentSpacer>
			<Moyo_Abyssteel>30</Moyo_Abyssteel>
		</costList>
		<apparel>
			<wornGraphicPath>Things/Apparel/LDhelmet</wornGraphicPath>
			<tags>
				<li>Moyo_SpacerLight</li>
				<li>RoyalTier2</li>
			</tags>
			<defaultOutfitTags>
				<li>Soldier</li>
			</defaultOutfitTags>
		</apparel>
		<colorGenerator Class="ColorGenerator_Options">
			<options>
				<li>
					<weight>100</weight>
					<only>(1,1,1)</only>
				</li>
			</options>
		</colorGenerator>
	</ThingDef>
	<ThingDef ParentName="Moyo_PowerHelmetBase">
		<defName>Moyo_PShelmet</defName>
		<label>moyo Sensory control helmet(Soothing)</label>
		<description>A helmet with a visual and auditory interface. It can alter sensory inputs depending on its configuration. This helmet is set to soothing mode.\n\nFrom entertainment to therapeutic use, This helmet can be used in various area if respective software is provided. Its a shame such softwares are not easily found in rimworld.</description>
		<recipeMaker>
			<researchPrerequisite>DeepSeaProtection</researchPrerequisite>
			<workSpeedStat>GeneralLaborSpeed</workSpeedStat>
			<workSkill>Crafting</workSkill>
			<effectWorking>Smith</effectWorking>
			<soundWorking>Recipe_Machining</soundWorking>
			<recipeUsers Inherit="False">
				<li>Moyo_FabricationBench</li>
			</recipeUsers>
			<unfinishedThingDef>UnfinishedTechArmor</unfinishedThingDef>
			<skillRequirements>
				<Crafting>8</Crafting>
			</skillRequirements>
		</recipeMaker>
		<comps Inherit="False">
			<li Class="CompProperties_Forbiddable"/>
			<li Class="CompProperties_Styleable"/>
			<li>
				<compClass>CompColorable</compClass>
			</li>
		</comps>
		<graphicData>
			<texPath>Things/Apparel/PShelmet1</texPath>
			<graphicClass>Graphic_Single</graphicClass>
			<drawSize>1</drawSize>
		</graphicData>
		<statBases>
			<WorkToMake>20000</WorkToMake>
			<MaxHitPoints>200</MaxHitPoints>
			<Mass>1.5</Mass>
			<Flammability>0.2</Flammability>
			<ArmorRating_Sharp>0.62</ArmorRating_Sharp>
			<ArmorRating_Blunt>0.22</ArmorRating_Blunt>
			<ArmorRating_Heat>0.5</ArmorRating_Heat>
			<Insulation_Cold>5</Insulation_Cold>
			<EquipDelay>2</EquipDelay>
		</statBases>
		<equippedStatOffsets>
			<PsychicSensitivity>-0.8</PsychicSensitivity>
		</equippedStatOffsets>
		<costList>
			<ComponentSpacer>2</ComponentSpacer>
			<Moyo_Abyssteel>15</Moyo_Abyssteel>
		</costList>
		<apparel>
			<wornGraphicPath>Things/Apparel/PShelmet</wornGraphicPath>
			<tags>
				<li>Moyo_SpacerSpecial</li>
				<li>RoyalTier2</li>
			</tags>
		</apparel>
		<colorGenerator Class="ColorGenerator_Options">
			<options>
				<li>
					<weight>100</weight>
					<only>(1,1,1)</only>
				</li>
			</options>
		</colorGenerator>
	</ThingDef>
	<ThingDef ParentName="Moyo_PowerHelmetBase">
		<defName>Moyo_SShelmet</defName>
		<label>moyo Sensory control helmet(Supressing)</label>
		<description>A helmet with a visual and auditory interface. It can alter sensory inputs depending on its configuration. This helmet is set to supressing mode.\n\nOppression is one of its 'various area of use', Used by some questionable police forces or agents of the elders.</description>
		<recipeMaker>
			<researchPrerequisite>DeepSeaProtection</researchPrerequisite>
			<workSpeedStat>GeneralLaborSpeed</workSpeedStat>
			<workSkill>Crafting</workSkill>
			<effectWorking>Smith</effectWorking>
			<soundWorking>Recipe_Machining</soundWorking>
			<recipeUsers Inherit="False">
				<li>Moyo_FabricationBench</li>
			</recipeUsers>
			<unfinishedThingDef>UnfinishedTechArmor</unfinishedThingDef>
			<skillRequirements>
				<Crafting>8</Crafting>
			</skillRequirements>
		</recipeMaker>
		<comps Inherit="False">
			<li Class="CompProperties_Forbiddable"/>
			<li Class="CompProperties_Styleable"/>
			<li>
				<compClass>CompColorable</compClass>
			</li>
		</comps>
		<graphicData>
			<texPath>Things/Apparel/SShelmet1</texPath>
			<graphicClass>Graphic_Single</graphicClass>
			<drawSize>1</drawSize>
		</graphicData>
		<statBases>
			<WorkToMake>20000</WorkToMake>
			<MaxHitPoints>200</MaxHitPoints>
			<Mass>1.5</Mass>
			<Flammability>0.2</Flammability>
			<ArmorRating_Sharp>0.62</ArmorRating_Sharp>
			<ArmorRating_Blunt>0.22</ArmorRating_Blunt>
			<ArmorRating_Heat>0.5</ArmorRating_Heat>
			<Insulation_Cold>5</Insulation_Cold>
			<EquipDelay>2</EquipDelay>
		</statBases>
		<equippedStatOffsets>
			<PsychicSensitivity>-0.4</PsychicSensitivity>
			<SlaveSuppressionOffset MayRequire="Ludeon.RimWorld.Ideology">0.15</SlaveSuppressionOffset>
		</equippedStatOffsets>
		<costList>
			<ComponentSpacer>2</ComponentSpacer>
			<Moyo_Abyssteel>15</Moyo_Abyssteel>
		</costList>
		<apparel>
			<slaveApparel MayRequire="Ludeon.RimWorld.Ideology">true</slaveApparel>
			<wornGraphicPath>Things/Apparel/SShelmet</wornGraphicPath>
			<tags>
				<li>Moyo_Slave</li>
			</tags>
		</apparel>
		<colorGenerator Class="ColorGenerator_Options">
			<options>
				<li>
					<weight>100</weight>
					<only>(1,1,1)</only>
				</li>
			</options>
		</colorGenerator>
	</ThingDef>
	<RecipeDef Name="Moyo_HelmetmodeChange">
		<defName>ChangeMod_PSHelmet</defName>
		<label>reconfigure Sensory control helmet(to Supressing)</label>
		<description>Reconfigure sensory control helmet into suppresing mode.</description>
		<jobString>Reconfiguring Sensory control helmet(to Supressing).</jobString>
		<workAmount>500</workAmount>
		<researchPrerequisite>DeepSeaProtection</researchPrerequisite>
		<workSpeedStat>GeneralLaborSpeed</workSpeedStat>
		<workSkill>Crafting</workSkill>
		<effectWorking>Smith</effectWorking>
		<soundWorking>Recipe_Machining</soundWorking>
		<recipeUsers>
			<li>Moyo_FabricationBench</li>
		</recipeUsers>
		<skillRequirements>
			<Crafting>8</Crafting>
		</skillRequirements>
		<ingredients>
			<li>
				<filter>
					<thingDefs>
						<li>Moyo_PShelmet</li>
					</thingDefs>
				</filter>
				<count>1</count>
			</li>
		</ingredients>
		<products>
			<Moyo_SShelmet>1</Moyo_SShelmet>
		</products>
	</RecipeDef>
	<RecipeDef ParentName="Moyo_HelmetmodeChange">
		<defName>ChangeMod_SSHelmet</defName>
		<label>reconfigure Sensory control helmet(to Soothing)</label>
		<description>Reconfigure sensory control helmet into Soothing mode.</description>
		<jobString>Reconfiguring Sensory control helmet(to Soothing).</jobString>
		<ingredients>
			<li>
				<filter>
					<thingDefs>
						<li>Moyo_SShelmet</li>
					</thingDefs>
				</filter>
				<count>1</count>
			</li>
		</ingredients>
		<products>
			<Moyo_PShelmet>1</Moyo_PShelmet>
		</products>
	</RecipeDef>
</Defs>