<?xml version="1.0" encoding="UTF-8"?>
<loadFolders>
	<v1.1>
		<li>1.1</li>
	</v1.1>
	<v1.2>
		<li>1.2</li>
		<li IfModActive="GloomyLynx.DragonianRace">Dragonian-addon</li>
		<li IfModActive="GloomyLynx.DragonianGaramRace">Dragonian-addon</li>
		<li IfModActive="Rebeka.DR">Dragonian-addon</li>
		<li IfModActive="Tormound.DragonianRacePrime">Dragonian-addon</li>
		<li>Content</li>
	</v1.2>
	<v1.3>
		<li>1.3</li>
		<li>Content</li>
		<li IfModActive="GloomyLynx.DragonianRace">Dragonian-addon</li>
		<li IfModActive="GloomyLynx.DragonianGaramRace">Dragonian-addon</li>
		<li IfModActive="Rebeka.DR">Dragonian-addon</li>
		<li IfModActive="Tormound.DragonianRacePrime">Dragonian-addon</li>		
		<li IfModActive="Vazrua.DragonianRacePrime2.0">Dragonian-addon</li>		
	</v1.3>
		<v1.4>
		<li>1.4</li>
		<li>Content</li>
		<li IfModActive="GloomyLynx.DragonianRace">Dragonian-addon</li>
		<li IfModActive="GloomyLynx.DragonianGaramRace">Dragonian-addon</li>
		<li IfModActive="Rebeka.DR">Dragonian-addon</li>
		<li IfModActive="Tormound.DragonianRacePrime">Dragonian-addon</li>		
		<li IfModActive="Vazrua.DragonianRacePrime2.0">Dragonian-addon</li>		
	</v1.4>
</loadFolders>