<?xml version="1.0" encoding="UTF-8"?>
<Defs>
	<AlienRace.RaceSettings>
		<defName>MoyoRaceSettings</defName>
		<pawnKindSettings>
			<startingColonists>
				<li>
					<pawnKindEntries>
						<li>
							<kindDefs>
								<li>Moyo_ColonistPawn</li>
							</kindDefs>
							<chance>30.0</chance>
						</li>
					</pawnKindEntries>
					<factionDefs>
						<li>Moyo_PlayerFaction</li>
					</factionDefs>
				</li>
			</startingColonists>
			<alienrefugeekinds>
				<li>
					<kindDefs>
						<li>Moyo_MiddleCivilan</li>
						<li>Moyo_BottomCivilan</li>
					</kindDefs>
					<chance>20.0</chance>
				</li>
			</alienrefugeekinds>			
			<alienslavekinds>
				<li>
					<kindDefs>
						<li>Moyo_TopCivilan</li>
						<li>Moyo_MiddleCivilan</li>
						<li>Moyo_BottomCivilan</li>
					</kindDefs>
					<chance>10.0</chance>
				</li>
			</alienslavekinds>
			<alienwandererkinds>
				<li>
					<pawnKindEntries>
						<li>
							<kindDefs>
								<li>Moyo_TopCivilan</li>
								<li>Moyo_MiddleCivilan</li>						
							</kindDefs>
							<chance>1.0</chance>
						</li>
					</pawnKindEntries>
					<factionDefs>
						<li>Moyo_HavenFaction</li> 
					</factionDefs>
				</li>
				<li>
					<pawnKindEntries>
						<li>
							<kindDefs>
								<li>Moyo_TopCivilan</li>
								<li>Moyo_MiddleCivilan</li>						
							</kindDefs>
							<chance>1.0</chance>
						</li>
					</pawnKindEntries>
					<factionDefs>
						<li>Moyo_HavenFaction</li> 
					</factionDefs>
				</li>
			</alienwandererkinds>			
		</pawnKindSettings>
	</AlienRace.RaceSettings>
</Defs>