<?xml version="1.0" encoding="utf-8" ?>
<Defs>
	<StyleItemCategoryDef>
		<defName>Moyo_HairCategory</defName>
		<label>Moyo hair</label>
	</StyleItemCategoryDef>

	<HairDef>
		<defName>Moyohair_DesignTwin</defName>
		<label>Moyo_DesignTwin</label>
		<styleGender>Female</styleGender>
		<texPath>Moyo/Hairs/MYDesignTwin</texPath>
		<styleTags>
			<li>Moyo_HairCategory</li>
		</styleTags>
	</HairDef>
	<HairDef>
		<defName>Moyohair_Fluffy</defName>
		<label>Moyo_Fluffy</label>
		<styleGender>Any</styleGender>
		<texPath>Moyo/Hairs/MYFluffy</texPath>
		<styleTags>
			<li>Moyo_HairCategory</li>
		</styleTags>
	</HairDef>	
	<HairDef>
		<defName>Moyohair_HalfShave</defName>
		<label>Moyo_halfshaved</label>
		<styleGender>Any</styleGender>
		<texPath>Moyo/Hairs/MYHalfShave</texPath>
		<styleTags>
			<li>Moyo_HairCategory</li>
		</styleTags>
	</HairDef>
	<HairDef>
		<defName>Moyohair_LongBun</defName>
		<label>Moyo_LongBun</label>
		<styleGender>Any</styleGender>
		<texPath>Moyo/Hairs/MYLongBun</texPath>
		<styleTags>
			<li>Moyo_HairCategory</li>
		</styleTags>
	</HairDef>
	<HairDef>
		<defName>Moyohair_LongBun2</defName>
		<label>Moyo_LongBun2</label>
		<styleGender>Any</styleGender>
		<texPath>Moyo/Hairs/MYLongBun2</texPath>
		<styleTags>
			<li>Moyo_HairCategory</li>
		</styleTags>
	</HairDef>	
	<HairDef>
		<defName>Moyohair_LongFluff</defName>
		<label>Moyo_LongFluff</label>
		<styleGender>Any</styleGender>
		<texPath>Moyo/Hairs/MYLongFluff</texPath>
		<styleTags>
			<li>Moyo_HairCategory</li>
		</styleTags>
	</HairDef>
	<HairDef>
		<defName>Moyohair_LongShade</defName>
		<label>Moyo_LongShade</label>
		<styleGender>Any</styleGender>
		<texPath>Moyo/Hairs/MYLongShade</texPath>
		<styleTags>
			<li>Moyo_HairCategory</li>
		</styleTags>
	</HairDef>
	<HairDef>
		<defName>Moyohair_LongTwin</defName>
		<label>Moyo_LongTwin</label>
		<styleGender>Female</styleGender>
		<texPath>Moyo/Hairs/MYLongTwin</texPath>
		<styleTags>
			<li>Moyo_HairCategory</li>
		</styleTags>
	</HairDef>
	<HairDef>
		<defName>Moyohair_LowTwin</defName>
		<label>Moyo_LowTwin</label>
		<styleGender>Any</styleGender>
		<texPath>Moyo/Hairs/MYLowTwin</texPath>
		<styleTags>
			<li>Moyo_HairCategory</li>
		</styleTags>
	</HairDef>
	<HairDef>
		<defName>Moyohair_Ponytail</defName>
		<label>Moyo_Ponytail</label>
		<styleGender>Any</styleGender>
		<texPath>Moyo/Hairs/MYPonytail</texPath>
		<styleTags>
			<li>Moyo_HairCategory</li>
		</styleTags>
	</HairDef>
	<HairDef>
		<defName>Moyohair_ShortBun</defName>
		<label>Moyo_ShortBun</label>
		<styleGender>Any</styleGender>
		<texPath>Moyo/Hairs/MYShortBun</texPath>
		<styleTags>
			<li>Moyo_HairCategory</li>
		</styleTags>
	</HairDef>
	<HairDef>
		<defName>Moyohair_ShortFluff</defName>
		<label>Moyo_ShortFluff</label>
		<styleGender>Any</styleGender>
		<texPath>Moyo/Hairs/MYShortFluff</texPath>
		<styleTags>
			<li>Moyo_HairCategory</li>
		</styleTags>
	</HairDef>
	<HairDef>
		<defName>Moyohair_ShortShade</defName>
		<label>Moyo_ShortShade</label>
		<styleGender>Any</styleGender>
		<texPath>Moyo/Hairs/MYShortShade</texPath>
		<styleTags>
			<li>Moyo_HairCategory</li>
		</styleTags>
	</HairDef>
	<HairDef>
		<defName>Moyohair_Sidetail</defName>
		<label>Moyo_Sidetail</label>
		<styleGender>Any</styleGender>
		<texPath>Moyo/Hairs/MYSidetail</texPath>
		<styleTags>
			<li>Moyo_HairCategory</li>
		</styleTags>
	</HairDef>
	<HairDef>
		<defName>Moyohair_SingleBun</defName>
		<label>Moyo_SingleBun</label>
		<styleGender>Any</styleGender>
		<texPath>Moyo/Hairs/MYSingleBun</texPath>
		<styleTags>
			<li>Moyo_HairCategory</li>
		</styleTags>
	</HairDef>
	<HairDef>
		<defName>Moyohair_ShortWave</defName>
		<label>Moyo_ShortWave</label>
		<styleGender>Any</styleGender>
		<texPath>Moyo/Hairs/MYShortWave</texPath>
		<styleTags>
			<li>Moyo_HairCategory</li>
		</styleTags>
	</HairDef>
	<HairDef>
		<defName>Moyohair_SemiLong</defName>
		<label>Moyo_SemiLong</label>
		<styleGender>Any</styleGender>
		<texPath>Moyo/Hairs/MYSemiLong</texPath>
		<styleTags>
			<li>Moyo_HairCategory</li>
		</styleTags>
	</HairDef>		
</Defs>